Workbook

Sheet 📝_نموذج_الإدخال
A1: 📝 نموذج تسجيل حالة حمل عالي الخطورة - تجمع جازان الصحي 2026
A2: ✅ اضغط على الخلية الصفراء للإدخال - القوائم المنسدلة جاهزة للاختيار
F3: 🔍 البحث عن حالة موجودة
A4: 📋 البيانات الأساسية للمريضة | F4: أدخل السجل المدني: | G4: 1115947606
A5: اسم المريضة: | C5: رقم الهوية: | F5: الاسم: | G5: {=IFERROR(INDEX(البيانات!$U$2:$U$300,MATCH($G$4*1,البيانات!$V$2:$V$300*1,0)),IFERROR(INDEX(البيانات!$U$2:$U$300,MATCH(TEXT($G$4,"0"),البيانات!$V$2:$V$300,0)),"غير موجود"))} -> جنان حسين محمد حكمي
A6: تاريخ الميلاد: | C6: العمر: | F6: العمر: | G6: {=IFERROR(INDEX(البيانات!$T$2:$T$300,MATCH($G$4*1,البيانات!$V$2:$V$300*1,0)),IFERROR(INDEX(البيانات!$T$2:$T$300,MATCH(TEXT($G$4,"0"),البيانات!$V$2:$V$300,0)),"—"))} -> 24
A7: رقم الجوال: | C7: العنوان: | F7: القطاع: | G7: {=IFERROR(INDEX(البيانات!$F$2:$F$300,MATCH($G$4*1,البيانات!$V$2:$V$300*1,0)),IFERROR(INDEX(البيانات!$F$2:$F$300,MATCH(TEXT($G$4,"0"),البيانات!$V$2:$V$300,0)),"—"))} -> القطاع المركزي
A8: القطاع: | C8: المركز الصحي: | F8: رقم الجوال: | G8: {=IFERROR(INDEX(البيانات!$Y$2:$Y$300,MATCH($G$4*1,البيانات!$V$2:$V$300*1,0)),IFERROR(INDEX(البيانات!$Y$2:$Y$300,MATCH(TEXT($G$4,"0"),البيانات!$V$2:$V$300,0)),"—"))} -> 556898292
A9: تاريخ LMP: | C9: عمر الحمل: | F9: المستشفى: | G9: {=IFERROR(INDEX(البيانات!$AM$2:$AM$300,MATCH($G$4*1,البيانات!$V$2:$V$300*1,0)),IFERROR(INDEX(البيانات!$AM$2:$AM$300,MATCH(TEXT($G$4,"0"),البيانات!$V$2:$V$300,0)),"—"))} -> مستشفي جازان العام
A10: تاريخ الزيارة: | C10: اسم الطبيب: | F10: VTE: | G10: {=IFERROR(INDEX(البيانات!$AD$2:$AD$300,MATCH($G$4*1,البيانات!$V$2:$V$300*1,0)),IFERROR(INDEX(البيانات!$AD$2:$AD$300,MATCH(TEXT($G$4,"0"),البيانات!$V$2:$V$300,0)),"—"))} -> No
F11: Enoxaparin: | G11: {=IFERROR(INDEX(البيانات!$AE$2:$AE$300,MATCH($G$4*1,البيانات!$V$2:$V$300*1,0)),IFERROR(INDEX(البيانات!$AE$2:$AE$300,MATCH(TEXT($G$4,"0"),البيانات!$V$2:$V$300,0)),"—"))} -> 0
A12: ⚠️ عوامل الخطورة والتقييم | F12: تاريخ الزيارة: | G12: {=IFERROR(INDEX(البيانات!$P$2:$P$300,MATCH($G$4*1,البيانات!$V$2:$V$300*1,0)),IFERROR(INDEX(البيانات!$P$2:$P$300,MATCH(TEXT($G$4,"0"),البيانات!$V$2:$V$300,0)),"—"))} -> 46077
A13: VTE عالي الخطورة؟ | C13: تم وصف Enoxaparin؟ | F13: تاريخ الموعد: | G13: {=IFERROR(INDEX(البيانات!$AI$2:$AI$300,MATCH($G$4*1,البيانات!$V$2:$V$300*1,0)),IFERROR(INDEX(البيانات!$AI$2:$AI$300,MATCH(TEXT($G$4,"0"),البيانات!$V$2:$V$300,0)),"—"))} -> 5/3/2026
A14: مستوى الخطورة: | C14: توصية الإحالة: | F14: الالتزام: | G14: {=IFERROR(INDEX(البيانات!$AK$2:$AK$300,MATCH($G$4*1,البيانات!$V$2:$V$300*1,0)),IFERROR(INDEX(البيانات!$AK$2:$AK$300,MATCH(TEXT($G$4,"0"),البيانات!$V$2:$V$300,0)),"—"))} -> ❌ غير ملتزم
A15: المستشفى المحال إليه: | C15: تاريخ الموعد: | F15: الحضور: | G15: {=IFERROR(INDEX(البيانات!$AJ$2:$AJ$300,MATCH($G$4*1,البيانات!$V$2:$V$300*1,0)),IFERROR(INDEX(البيانات!$AJ$2:$AJ$300,MATCH(TEXT($G$4,"0"),البيانات!$V$2:$V$300,0)),"—"))} -> تم الحظور
A17: 📞 بيانات المتابعة | F17: 💡 أدخل رقم السجل المدني للبحث
A18: إفادة الحضور: | C18: تصنيف المنسق:
A19: ملاحظات:
A21: 📖 دليل سريع للاستخدام
A22: 1️⃣ | B22: أدخل بيانات المريضة الأساسية في الحقول الصفراء
A23: 2️⃣ | B23: اختر القطاع والمستشفى من القوائم المنسدلة
A24: 3️⃣ | B24: حدد مستوى الخطورة وتوصية الإحالة
A25: 4️⃣ | B25: بعد الإدخال، انسخ البيانات إلى ورقة 'البيانات'
A26: 5️⃣ | B26: جميع المؤشرات ستتحدث تلقائياً!
A28: 🏥 ربط القطاعات بالمستشفيات | C28: 🎯 تصنيفات المنسق
A29: القطاع | B29: المستشفى المحال إليه | C29: التصنيف | D29: الإجراء
A30: المركزي + فرسان | B30: مستشفى جازان العام | C30: 🟢 منخفض | D30: تعود للمركز الصحي
A31: الغربي + الجبلي | B31: مستشفى صبيا العام | C31: 🟡 عالي | D31: متابعة بنفس المستشفى
A32: الأوسط + بني مالك | B32: مستشفى أبو عريش العام | C32: 🔴 عالي جداً | D32: تحويل لـ KFCH
A33: الجنوبي | B33: مستشفى صامطة العام
A34: الشمالي | B34: مستشفى بيش العام
A35: الحالات الحرجة | B35: مستشفى الملك فهد (KFCH)
A37: ⚠️ ملاحظة هامة: مؤشر الالتزام يُحسب تلقائياً - يجب حجز الموعد خلال يومين عمل (الجمعة والسبت مستثناة)

Sheet 📖_دليل_العمل
A1: 📖 دليل العمل الشامل - نظام إدارة الحمل عالي الخطورة - تجمع جازان الصحي 2026
A3: 📑 فهرس المحتويات
A4: الرقم | B4: القسم | C4: الوصف
A5: 1️⃣ | B5: نظرة عامة | C5: وصف شامل للنظام وأهدافه
A6: 2️⃣ | B6: هيكل الملف | C6: شرح 18 ورقة عمل
A7: 3️⃣ | B7: إدخال حالة جديدة | C7: خطوات التسجيل والإدخال
A8: 4️⃣ | B8: توزيع القطاعات | C8: ربط القطاعات بالمستشفيات
A9: 5️⃣ | B9: تصنيفات المنسق | C9: خيارات التصنيف الثلاثة
A10: 6️⃣ | B10: مؤشرات الأداء | C10: شرح KPIs والحسابات
A11: 7️⃣ | B11: صيغة الالتزام | C11: حساب مؤشر الالتزام
A12: 8️⃣ | B12: نموذج الإدخال | C12: استخدام نموذج الإدخال والتحديث
A13: 9️⃣ | B13: التقارير | C13: إنشاء وتصدير التقارير
A14: 🔟 | B14: إرشادات هامة | C14: نصائح وتحذيرات
A16: 1️⃣ نظرة عامة على النظام
A17: الهدف: | B17: إدارة ومتابعة حالات الحمل عالي الخطورة في تجمع جازان الصحي
A18: النطاق: | B18: 8 قطاعات + 6 مستشفيات (5 عامة + الملك فهد المركزي)
A19: المستخدمون: | B19: منسقو الإحالات في المراكز الصحية والمستشفيات
A20: التحديث: | B20: تلقائي - جميع المؤشرات والتقارير تتحدث فوراً عند إضافة البيانات
A21: مصدر البيانات: | B21: Microsoft Forms - متصل بورقة البيانات
A23: 2️⃣ هيكل الملف (18 ورقة)
A24: الورقة | B24: الوظيفة | C24: النوع | D24: الوصف
A25: 📖_دليل_العمل | B25: دليل الاستخدام الشامل | C25: مرجع 📚 | D25: هذه الورقة
A26: 📝_نموذج_الإدخال | B26: نموذج تسجيل حالة جديدة | C26: إدخال ✏️ | D26: قوائم منسدلة
A27: 📊_لوحة_التحكم | B27: المؤشرات الرئيسية + البحث | C27: عرض 👁️ | D27: لوحة تحكم مركزية
A28: 📈_التقارير | B28: KPIs شهرية + رسوم بيانية | C28: عرض + فلتر 📊 | D28: تقارير شهرية وسنوية
A29: توزيع_الإحالات | B29: توزيع على المستشفيات | C29: عرض 👁️ | D29: إحصائيات التوزيع
A30: النظام_الذكي | B30: نظام توقع الإحالات | C30: عرض 👁️ | D30: نقاط الخطورة
A31: إحالات_KFCH | B31: إحالات الملك فهد | C31: إدخال ✏️ | D31: تلقائي من البيانات
A32: إحالات_جازان | B32: إحالات مستشفى جازان | C32: إدخال ✏️ | D32: المركزي + فرسان
A33: إحالات_صبيا | B33: إحالات مستشفى صبيا | C33: إدخال ✏️ | D33: الغربي + الجبلي
A34: إحالات_أبو_عريش | B34: إحالات أبو عريش | C34: إدخال ✏️ | D34: الأوسط + بني مالك
A35: إحالات_صامطة | B35: إحالات صامطة | C35: إدخال ✏️ | D35: الجنوبي
... A40: البيانات | B40: البيانات من Forms | C40: مصدر 📁 | D40: لا تعدل
A42: 3️⃣ خطوات إدخال حالة جديدة
A43: الخطوة | B43: الإجراء | C43: التفاصيل
A44: 1 | B44: افتح ورقة 'البيانات' | C44: أو استخدم نموذج الإدخال 📝
A45: 2 | B45: أضف بيانات المريضة | C45: البيانات تأتي من Forms تلقائياً
A46: 3 | B46: أدخل اسم المستشفى في عمود AR | C46: جازان/صبيا/أبو عريش/صامطة/بيش/الملك فهد
A47: 4 | B47: أدخل تاريخ الموعد في عمود AS | C47: تاريخ موعد المريضة
A48: 5 | B48: أدخل إفادة الحضور في عمود AJ | C48: حضرت / لم تحضر / بانتظار
A49: ✅ | B49: جميع الأوراق تتحدث تلقائياً! | C49: لا تحتاج تحديث يدوي
A51: 4️⃣ توزيع القطاعات على المستشفيات
A52: القطاع | B52: المستشفى | C52: ملاحظات
A53: المركزي + فرسان | B53: مستشفى جازان العام | C53: الرئيسي
A54: الغربي + الجبلي | B54: مستشفى صبيا العام
A55: الأوسط + بني مالك | B55: مستشفى أبو عريش العام
A56: الجنوبي | B56: مستشفى صامطة العام
A57: الشمالي | B57: مستشفى بيش العام
A58: الحالات الحرجة | B58: مستشفى الملك فهد (KFCH) | C58: بعد التقييم
A60: 5️⃣ تصنيفات المنسق
A61: التصنيف | B61: اللون | C61: الإجراء | D61: متى يُستخدم
A62: 🟢 منخفض - يعود للمركز | B62: أخضر | C62: تعود للمركز الصحي | D62: لا تحتاج متابعة تخصصية
A63: 🟡 عالي - متابعة بالمستشفى | B63: أصفر | C63: تتابع بنفس المستشفى | D63: تحتاج متابعة لكن ليست حرجة
A64: 🔴 عالي جداً - تحويل KFCH | B64: أحمر | C64: تحويل للملك فهد | D64: حالة حرجة
A66: 6️⃣ مؤشرات الأداء (KPIs)
A67: المؤشر | B67: الوصف | C67: الهدف | D67: الحساب
A68: نسبة التحويل | B68: % المُحالة للمستشفيات | C68: 0.9 | D68: المحولات ÷ المسجلات
A69: نسبة الالتزام | B69: % حجز الموعد خلال يومين | C69: 0.8 | D69: الملتزمين ÷ الإجمالي
A70: نسبة الحضور | B70: % الحضور للمواعيد | C70: 0.85 | D70: الحاضرات ÷ الإجمالي
A71: وصف Enoxaparin | B71: % VTE الموصوف لها علاج | C71: 0.95 | D71: تم الوصف ÷ VTE
A73: 7️⃣ صيغة حساب الالتزام
A74: الصيغة: | B74: NETWORKDAYS.INTL(تاريخ_الزيارة,تاريخ_الموعد,"0000011")-1<=2
A75: 0000011: | B75: استثناء الجمعة والسبت
A76: ≤ 2 أيام: | B76: ✅ ملتزم
A77: > 2 أيام: | B77: ❌ غير ملتزم
A78: بدون موعد: | B78: ⏳ بانتظار
A80: 8️⃣ استخدام نموذج الإدخال
A81: 1 | B81: افتح ورقة 📝_نموذج_الإدخال
A82: 2 | B82: أدخل البيانات في الحقول الصفراء
A83: 3 | B83: اختر من القوائم المنسدلة
A84: 4 | B84: انسخ البيانات إلى ورقة 'البيانات'
A85: 💡 | B85: يمكن استخدامه للبحث والتحديث أيضاً
A87: 9️⃣ إنشاء وتصدير التقارير
A88: 1 | B88: اذهب إلى ورقة 📈_التقارير
A89: 2 | B89: اختر الشهر والسنة من القوائم
A90: 3 | B90: الإحصائيات تتحدث تلقائياً
A91: 4 | B91: للتصدير: Ctrl+P ← Print to PDF
A92: 💡 | B92: تشمل: المسجلات، الالتزام، الحضور، القطاعات، المستشفيات
A94: 🔟 إرشادات هامة
A95: ⚠️ | B95: لا تحذف أو تعدل الصيغ المحمية
A96: ⚠️ | B96: أدخل البيانات في الأعمدة المخصصة فقط
A97: ⚠️ | B97: استخدم القوائم المنسدلة
A98: ✅ | B98: جميع التحديثات تلقائية
A99: ✅ | B99: الجمعة والسبت مستثناة من أيام العمل
A100: 💡 | B100: للبحث: استخدم السجل المدني في لوحة التحكم
A101: 💡 | B101: للتحديث: اذهب لورقة المستشفى أو البيانات
A103: 📞 الدعم الفني
A104: للاستفسارات: | B104: فريق تحسين مسار الحمل عالي الخطورة
A105: تاريخ التحديث: | B105: مايو 2026
A106: الإصدار: | B106: 2.0 - النسخة المتطورة

Sheet توزيع_الإحالات
A1: 📊 لوحة توزيع الإحالات على المستشفيات - تجمع جازان الصحي 2026
A3: 📈 ملخص الإحالات | D3: 🏥 توزيع الإحالات حسب المستشفى
A4: إجمالي الحالات المسجلة | B4: =COUNTA(البيانات!V2:V1000) -> 264 | D4: المستشفى | E4: عدد الإحالات | F4: النسبة
A5: الحالات تحتاج إحالة | B5: =COUNTIFS(النظام_الذكي!G:G,">=4") -> 113 | D5: مستشفى الملك فهد المركزي (تحويلات) | E5: {=SUMPRODUCT((ISNUMBER(SEARCH("فهد",البيانات!$AS$2:$AS$300)))*1)} -> 1 | F5: =IF(E5=0,"0%",TEXT(E5/SUM(E5:E10),"0%")) -> 0%
A6: متابعة في المركز | B6: =B4-B5 -> 151 | D6: مستشفى صبيا العام | E6: =COUNTIF(البيانات!$AS:$AS,"*صبيا*") -> 38 | F6: =IF(E6=0,"0%",TEXT(E6/SUM($E$5:$E$10),"0%")) -> 15%
D7: مستشفى أبو عريش العام | E7: =COUNTIF(البيانات!$AS:$AS,"*عريش*") -> 31 | F7: =IF(E7=0,"0%",TEXT(E7/SUM($E$5:$E$10),"0%")) -> 12%
A8: 🔴 حالات حرجة | B8: =COUNTIFS(النظام_الذكي!H:H,"*حرج*") -> 36 | D8: مستشفى جازان العام | E8: =COUNTIF(البيانات!$AS:$AS,"*جازان*") -> 148 | F8: =IF(E8=0,"0%",TEXT(E8/SUM($E$5:$E$10),"0%")) -> 56%
A9: 🟠 حالات عالية | B9: =COUNTIFS(النظام_الذكي!H:H,"*عالي*")-B8 -> 21 | D9: مستشفى صامطة العام | E9: =COUNTIF(البيانات!$AS:$AS,"*صامط*") -> 29 | F9: =IF(E9=0,"0%",TEXT(E9/SUM($E$5:$E$10),"0%")) -> 11%
A10: 🟡 حالات متوسطة | B10: =COUNTIFS(النظام_الذكي!H:H,"*متوسط*") -> 63 | D10: مستشفى بيش العام | E10: =COUNTIF(البيانات!$AS:$AS,"*بيش*") -> 15 | F10: =IF(E10=0,"0%",TEXT(E10/SUM($E$5:$E$10),"0%")) -> 6%
A13: 📍 توزيع الحالات حسب القطاع | E13: 💡 تعليمات الاستخدام
A14: القطاع | B14: عدد الحالات | C14: المستشفى المحال إليه | E14: 1️⃣ | F14: كل مستشفى له ورقة خاصة بإحالاته
A15: القطاع المركزي | B15: =COUNTIFS(البيانات!F:F,"*مركزي*")+COUNTIFS(البيانات!F:F,"*Central*") -> 226 | C15: مستشفى جازان العام | E15: 2️⃣ | F15: الحالات تُصنف تلقائياً حسب القطاع
A16: القطاع الأوسط | B16: =COUNTIFS(البيانات!F:F,"*أوسط*")+COUNTIFS(البيانات!F:F,"*Middle*") -> 22 | C16: مستشفى أبو عريش العام | E16: 3️⃣ | F16: الحالات الحرجة تُحال لمستشفى الملك فهد
A17: القطاع الغربي | B17: =COUNTIFS(البيانات!F:F,"*غربي*")+COUNTIFS(البيانات!F:F,"*Western*") -> 43 | C17: مستشفى صبيا العام | E17: 4️⃣ | F17: البيانات تتحدث تلقائياً من ورقة البيانات
A18: القطاع الجنوبي | B18: =COUNTIFS(البيانات!F:F,"*جنوبي*")+COUNTIFS(البيانات!F:F,"*Southern*") -> 58 | C18: مستشفى صامطة العام | E18: 5️⃣ | F18: للتحديث: أضف البيانات الجديدة في ورقة البيانات
A19: القطاع الشمالي | B19: =COUNTIFS(البيانات!F:F,"*شمالي*")+COUNTIFS(البيانات!F:F,"*Northern*") -> 30 | C19: مستشفى بيش العام
A20: القطاع الجبلي | B20: =COUNTIFS(البيانات!F:F,"*جبلي*")+COUNTIFS(البيانات!F:F,"*aljabaly*") -> 20 | C20: مستشفى صبيا العام
A21: قطاع بني مالك | B21: =COUNTIFS(البيانات!F:F,"*بني مالك*")+COUNTIFS(البيانات!F:F,"*Bani Malik*") -> 5 | C21: مستشفى أبو عريش العام
A22: قطاع فرسان | B22: =COUNTIFS(البيانات!F:F,"*فرسان*")+COUNTIFS(البيانات!F:F,"*Farasan*") -> 0 | C22: مستشفى جازان العام
A24: 📐 صيغة حساب الالتزام:
A25: 🔹 الصيغة: IF(NETWORKDAYS.INTL(تاريخ_الزيارة,تاريخ_الموعد,"0000011")-1<=2,"✅ ملتزم","❌ غير ملتزم")
A26: 🔹 "0000011" = استثناء الجمعة (اليوم 6) والسبت (اليوم 7)
A27: 🔹 إذا كان الفرق ≤ 2 أيام عمل = ✅ ملتزم، وإلا = ❌ غير ملتزم
A29: 📊 مؤشر الالتزام (حجز الموعد خلال يومين عمل)
A30: المؤشر | B30: العدد | C30: النسبة
A31: ✅ ملتزم (خلال يومين عمل) | B31: =COUNTIF(البيانات!AK2:AK265,"✅ ملتزم") -> 117 | C31: =TEXT(B31/(B31+B32),"0%") -> 47%
A32: ❌ غير ملتزم (أكثر من يومين) | B32: =COUNTIF(البيانات!AK2:AK265,"❌ غير ملتزم") -> 132 | C32: =TEXT(B32/(B31+B32),"0%") -> 53%
A33: ⏳ بانتظار الموعد | B33: =COUNTIF(البيانات!AK2:AK265,"⏳ بانتظار") -> 15 | C33: =TEXT(B33/(B31+B32+B33),"0%") -> 6%
A35: 💡 ملاحظة: الالتزام = حجز الموعد خلال يومين عمل (الجمعة والسبت مستثناة)

Sheet 📊_لوحة_التحكم
A1: 🏥 لوحة التحكم المركزية - مشروع تحسين مسار الحمل عالي الخطورة - تجمع جازان الصحي 2026
A2: 📅 آخر تحديث: | B2: 46154
A4: 📊 إجمالي الحالات | C4: 🔴 VTE عالي | E4: ⚠️ بدون علاج | G4: ✅ تم العلاج | I4: 👵 عمر > 40 | K4: 🚨 حرجة
A5: =COUNTA(البيانات!V2:V1000) -> 264 | C5: =COUNTIF(البيانات!AD2:AD1000,"Yes") -> 45 | E5: =COUNTIFS(البيانات!AD2:AD1000,"Yes",البيانات!AE2:AE1000,"No") -> 27 | G5: =COUNTIFS(البيانات!AD2:AD1000,"Yes",البيانات!AE2:AE1000,"Yes") -> 18 | I5: =COUNTIF(البيانات!T2:T1000,">40") -> 21 | K5: =COUNTIF(النظام_الذكي!H8:H500,"🔴 حرج") -> 36
A7: 🏥 توزيع الإحالات على المستشفيات | F7: 📊 توزيع مستويات الخطورة
A8: المستشفى | B8: عدد الإحالات | C8: النسبة | D8: الحالات الحرجة | F8: المستوى | G8: العدد | H8: النسبة | I8: الإجراء
A9: مستشفى جازان العام | B9: =COUNTIF(البيانات!$AS:$AS,"*جازان*") -> 148 | C9: =IF(B9=0,"0%",TEXT(B9/SUM($B$9:$B$14),"0%")) -> 56% | D9: 3 | F9: 🔴 حرج | G9: =COUNTIFS(النظام_الذكي!H:H,"*حرج*") -> 36 | H9: 0.07 | I9: إحالة فورية للمستشفى
A10: مستشفى صبيا العام | B10: =COUNTIF(البيانات!$AS:$AS,"*صبيا*") -> 38 | C10: =IF(B10=0,"0%",TEXT(B10/SUM($B$9:$B$14),"0%")) -> 15% | D10: 2 | F10: 🟠 عالي | G10: =COUNTIFS(النظام_الذكي!H:H,"*عالي*")-G9 -> 21 | H10: 0.11 | I10: إحالة تخصصية
A11: مستشفى أبو عريش العام | B11: =COUNTIF(البيانات!$AS:$AS,"*عريش*") -> 31 | C11: =IF(B11=0,"0%",TEXT(B11/SUM($B$9:$B$14),"0%")) -> 12% | D11: 2 | F11: 🟡 متوسط | G11: =COUNTIFS(النظام_الذكي!H:H,"*متوسط*") -> 63 | H11: 0.22 | I11: متابعة مكثفة
A12: مستشفى صامطة العام | B12: =COUNTIF(البيانات!$AS:$AS,"*صامط*") -> 29 | C12: =IF(B12=0,"0%",TEXT(B12/SUM($B$9:$B$14),"0%")) -> 11% | D12: 3 | F12: 🟢 منخفض | G12: =COUNTIFS(النظام_الذكي!H:H,"*منخفض*") -> 108 | H12: 0.6 | I12: متابعة روتينية
A13: مستشفى بيش العام | B13: =COUNTIF(البيانات!$AS:$AS,"*بيش*") -> 15 | C13: =IF(B13=0,"0%",TEXT(B13/SUM($B$9:$B$14),"0%")) -> 6% | D13: 1
A14: مستشفى الملك فهد (KFCH) | B14: {=SUMPRODUCT((ISNUMBER(SEARCH("فهد",البيانات!$AS$2:$AS$300)))*1)} -> 1 | C14: =IF(B14=0,"0%",TEXT(B14/SUM(B9:B14),"0%")) -> 0% | D14: 0
A16: 🔍 البحث بالسجل المدني | F16: ⏱️ مؤشر الالتزام (حجز الموعد خلال يومين عمل)
A17: أدخل السجل المدني: | F17: المؤشر | G17: العدد | H17: النسبة | I17: الحالة
A18: الاسم: | B18: =IFERROR(_xlfn.XLOOKUP(B17,البيانات!V:V,البيانات!U:U,"غير موجود"),"غير موجود") -> 0 | F18: ✅ ملتزم (≤ يومين عمل) | G18: =COUNTIF(البيانات!AK2:AK265,"✅ ملتزم") -> 117 | H18: =TEXT(G18/(G18+G19),"0%") -> 47% | I18: 🟢 جيد
A19: العمر: | B19: =IFERROR(_xlfn.XLOOKUP(B17,البيانات!V:V,البيانات!T:T,"-"),"-") -> 0 | F19: ❌ غير ملتزم (> يومين) | G19: =COUNTIF(البيانات!AK2:AK265,"❌ غير ملتزم") -> 132 | H19: =TEXT(G19/(G18+G19),"0%") -> 53% | I19: 🔴 يحتاج متابعة
A20: القطاع: | B20: =IFERROR(_xlfn.XLOOKUP(B17,البيانات!V:V,البيانات!F:F,"-"),"-") -> 0 | F20: ⏳ بانتظار الموعد | G20: =COUNTIF(البيانات!AK2:AK265,"⏳ بانتظار") -> 15 | H20: =TEXT(G20/(G18+G19+G20),"0%") -> 6% | I20: ⚪ معلق
A21: رقم الجوال: | B21: =IFERROR(_xlfn.XLOOKUP(B17,البيانات!V:V,البيانات!Y:Y,"-"),"-") -> 0
A22: VTE: | B22: =IFERROR(_xlfn.XLOOKUP(B17,البيانات!V:V,البيانات!AD:AD,"-"),"-") -> 0 | F22: 💡 ملاحظة: الالتزام يُحسب بعد إدخال تاريخ الموعد
A23: العلاج: | B23: =IFERROR(_xlfn.XLOOKUP(B17,البيانات!V:V,البيانات!AE:AE,"-"),"-") -> 0
A25: 🚨 تنبيهات عاجلة
A26: ⚠️ حالات VTE بدون Enoxaparin: | B26: =COUNTIFS(البيانات!AD:AD,"Yes",البيانات!AE:AE,"No") -> 27 | C26: حالة تحتاج متابعة فورية | F26: 1️⃣ | G26: للبحث عن مريضة: أدخل السجل المدني في الخانة الصفراء
A27: 🔴 حالات حرجة تحتاج إحالة: | B27: =COUNTIFS(النظام_الذكي!H:H,"*حرج*") -> 36 | C27: حالة حرجة | F27: 2️⃣ | G27: لمتابعة حالة: اذهب لورقة المستشفى المعني
A28: 👵 حوامل فوق 40 سنة + VTE: | B28: =COUNTIFS(البيانات!T:T,">40",البيانات!AD:AD,"Yes") -> 10 | C28: حالة عالية الخطورة | F28: 3️⃣ | G28: للتحويل لـ KFCH: حدد 'عالي جداً - تحويل KFCH' في تصنيف المنسق
F29: 4️⃣ | G29: لإضافة بيانات جديدة: انسخها إلى ورقة 'البيانات'
F30: 5️⃣ | G30: الجمعة والسبت مستثناة من حساب أيام العمل
A32: 🔗 روابط سريعة للأوراق:
A33: 📊 توزيع_الإحالات | B33: 🏥 إحالات_جازان | C33: 🏥 إحالات_صبيا | D33: 🏥 إحالات_أبو_عريش | F33: 🏥 إحالات_صامطة | G33: 🏥 إحالات_بيش | H33: 🏥 إحالات_KFCH | I33: 🚨 الحالات_العاجلة | J33: 📋 تقييم_VTE | K33: 📁 البيانات | L33: 🧠 النظام_الذكي

Sheet النظام_الذكي
A1: 🏥 نظام الحمل عالي الخطورة الذكي - تجمع جازان الصحي 2026 | M1: ⚠️ الحالات الحرجة تُحال للمستشفى التابع للقطاع أولاً، ثم تُحوَّل لـ KFCH بعد التقييم
B3: إجمالي الحالات | D3: 🔴 VTE عالي | F3: ⚠️ تحتاج إحالة | H3: عمر > 40 | J3: ✅ Enoxaparin | M3: 📈 إحصائيات الإحالات
B4: =COUNTA(البيانات!V2:V1000) -> 264 | D4: =COUNTIF(البيانات!AD2:AD1000,"Yes") -> 45 | F4: =COUNTIFS(البيانات!AD2:AD1000,"Yes",البيانات!AE2:AE1000,"No") -> 27 | H4: =COUNTIF(البيانات!T2:T1000,">40") -> 21 | J4: =COUNTIFS(البيانات!AD2:AD1000,"Yes",البيانات!AE2:AE1000,"Yes") -> 18 | M4: المستوى | N4: العدد | O4: النسبة
M5: 🔴 حرج | N5: =COUNTIF(H8:H273,"🔴 حرج") -> 36 | O5: =IF(B4=0,"-",TEXT(N5/B4,"0%")) -> 14%
A6: 📊 نظام توقع الإحالات الذكي | M6: 🟠 عالي | N6: =COUNTIF(H8:H273,"🟠 عالي") -> 57 | O6: =IF(B4=0,"-",TEXT(N6/B4,"0%")) -> 22%
A7: # | B7: السجل المدني | C7: اسم المريضة | D7: العمر | E7: القطاع | F7: VTE | G7: نقاط الخطورة | H7: مستوى الخطر | I7: توصية الإحالة | J7: الحالة | K7: الأولوية | L7: مستشفى الإحالة | M7: 🟡 متوسط | N7: =COUNTIF(H8:H273,"🟡 متوسط") -> 63 | O7: =IF(B4=0,"-",TEXT(N7/B4,"0%")) -> 24%
A8: 1 | B8: 1079626162 | C8: فايزة يحى جابر المالكى | D8: 33 | E8: القطاع الأوسط Middle Sector | F8: 🟢 لا | G8: 2 | H8: 🟢 منخفض | I8: متابعة روتينية | K8: 4 | L8: متابعة في المركز | M8: 🟢 منخفض | N8: =COUNTIF(H8:H273,"🟢 منخفض") -> 108 | O8: =IF(B4=0,"-",TEXT(N8/B4,"0%")) -> 41%
A9: 2 | B9: 1096345218 | C9: AWATIF AHMED ABDULLAH HAKAMI | D9: 38 | E9: القطاع المركزي Central Sector | F9: 🟢 لا | G9: 1 | H9: 🟢 منخفض | I9: متابعة روتينية | K9: 4 | L9: متابعة في المركز
A10: 3 | B10: 1067876415 | C10: MUTIBAH FAYADH MUTAEN TUMAYHI | D10: 42 | E10: القطاع الغربي Western Sector | F10: 🟢 لا | G10: 6 | H10: 🟠 عالي | I10: إحالة تخصصية | K10: 2 | L10: مستشفى صبيا العام | M10: ⚡ ملخص سريع
A11: 4 | B11: 1108769298 | C11: منيرة خالد علي خبراني | D11: 26 | E11: القطاع الأوسط Middle Sector | F11: 🔴 نعم | G11: 9 | H11: 🔴 حرج | I11: إحالة فورية | J11: ✅ تم العلاج | K11: 1 | L11: مستشفى أبو عريش العام ⚠️ | M11: إحالة فورية مطلوبة | N11: =N5 -> 36
A12: 5 | B12: 1042803070 | C12: WUSHAYLAH MOFAREH BIN YAHYA MUFDI | D12: 39 | E12: القطاع الجبلي Aljabaly Sector | F12: 🟢 لا | G12: 3 | H12: 🟡 متوسط | I12: متابعة مكثفة | K12: 3 | L12: مستشفى صبيا العام | M12: إحالة تخصصية | N12: =N6 -> 57
A13: 6 | B13: 1076123767 | C13: LAILA ALI HUSSAIN KADI | D13: 40 | E13: القطاع الغربي Western Sector | F13: 🟢 لا | G13: 1 | H13: 🟢 منخفض | I13: متابعة روتينية | K13: 4 | L13: متابعة في المركز | M13: VTE بدون Enoxaparin | N13: =F4 -> 27
A14: 7 | B14: 1098883562 | C14: ندا عبدالله ناصر صالح يحي | D14: 39 | E14: القطاع الأوسط Middle Sector | F14: 🟢 لا | G14: 3 | H14: 🟡 متوسط | I14: متابعة مكثفة | K14: 3 | L14: مستشفى أبو عريش العام | M14: متابعة مكثفة | N14: =N7 -> 63
A15: 8 | B15: 1110869045 | C15: هند جابر احمد عقيلي | D15: 33 | E15: القطاع المركزي Central Sector | F15: 🟢 لا | G15: 0 | H15: 🟢 منخفض | I15: متابعة روتينية | K15: 4 | L15: متابعة في المركز
A16: 9 | B16: 1131498006 | C16: KHADEJA AHMED ALI SARWI | D16: 34 | E16: القطاع الأوسط Middle Sector | F16: 🟢 لا | G16: 2 | H16: 🟢 منخفض | I16: متابعة روتينية | K16: 4 | L16: متابعة في المركز | M16: 🔍 البحث بالسجل المدني
A17: 10 | B17: 1060748751 | C17: رقيا احمد قاسم مجلي | D17: 47 | E17: القطاع الجبلي Aljabaly Sector | F17: 🟢 لا | G17: 7 | H17: 🟠 عالي | I17: إحالة تخصصية | K17: 2 | L17: مستشفى صبيا العام | M17: أدخل السجل المدني:
A18: 11 | B18: 1083600526 | C18: laila zowalan hawas | D18: 39 | E18: القطاع الجبلي Aljabaly Sector | F18: 🟢 لا | G18: 3 | H18: 🟡 متوسط | I18: متابعة مكثفة | K18: 3 | L18: مستشفى صبيا العام | M18: الاسم: | N18: =IF(N17="","أدخل السجل المدني",IFERROR(_xlfn.XLOOKUP(TEXT(N17,"0"),البيانات!V:V,البيانات!U:U),IFERROR(_xlfn.XLOOKUP(N17,البيانات!V:V,البيانات!U:U),"غير موجود"))) -> أدخل السجل المدني
A19: 12 | B19: 1102804414 | C19: عفراء حيدر عبده حكمي | D19: 29 | E19: القطاع المركزي Central Sector | F19: 🟢 لا | G19: 2 | H19: 🟢 منخفض | I19: متابعة روتينية | K19: 4 | L19: متابعة في المركز | M19: العمر: | N19: =IF(N17="","-",IFERROR(_xlfn.XLOOKUP(TEXT(N17,"0"),البيانات!V:V,البيانات!T:T),IFERROR(_xlfn.XLOOKUP(N17,البيانات!V:V,البيانات!T:T),"-"))) -> -
A20: 13 | B20: 1110832035 | C20: LAILA JABER ALI ADLAN | D20: 26 | E20: القطاع الغربي Western Sector | F20: 🟢 لا | G20: 2 | H20: 🟢 منخفض | I20: متابعة روتينية | K20: 4 | L20: متابعة في المركز | M20: القطاع: | N20: =IF(N17="","-",IFERROR(_xlfn.XLOOKUP(TEXT(N17,"0"),البيانات!V:V,البيانات!F:F),IFERROR(_xlfn.XLOOKUP(N17,البيانات!V:V,البيانات!F:F),"-"))) -> -
A21: 14 | B21: 1012673784 | C21: خجة محمد حكمي | D21: 43 | E21: القطاع المركزي Central Sector | F21: 🔴 نعم | G21: 11 | H21: 🔴 حرج | I21: إحالة فورية | J21: ✅ تم العلاج | K21: 1 | L21: مستشفى جازان العام ⚠️ | M21: VTE: | N21: =IF(N17="","-",IFERROR(IF(_xlfn.XLOOKUP(TEXT(N17,"0"),البيانات!V:V,البيانات!AD:AD)="Yes","🔴 نعم","🟢 لا"),IFERROR(IF(_xlfn.XLOOKUP(N17,البيانات!V:V,البيانات!AD:AD)="Yes","🔴 نعم","🟢 لا"),"-"))) -> -
A22: 15 | B22: 1085003786 | C22: فاطمة علي حكمي | D22: 32 | E22: القطاع المركزي Central Sector | F22: 🔴 نعم | G22: 7 | H22: 🟠 عالي | I22: إحالة تخصصية | J22: ⚠️ بدون علاج | K22: 2 | L22: مستشفى جازان العام | M22: نقاط الخطورة: | N22: {=IF(N17="","-",IFERROR(_xlfn.XLOOKUP(N17*1,B8:B166,G8:G166),IFERROR(_xlfn.XLOOKUP(TEXT(N17,"0"),TEXT(B8:B166,"0"),G8:G166),"-")))} -> -
A23: 16 | B23: 1115449041 | C23: BASMAH ABED ABDULLAH MASMALI | D23: 24 | E23: القطاع الأوسط Middle Sector | F23: 🟢 لا | G23: 0 | H23: 🟢 منخفض | I23: متابعة روتينية | K23: 4 | L23: متابعة في المركز | M23: مستوى الخطر: | N23: {=IF(N17="","-",IFERROR(_xlfn.XLOOKUP(N17*1,B8:B166,H8:H166),IFERROR(_xlfn.XLOOKUP(TEXT(N17,"0"),TEXT(B8:B166,"0"),H8:H166),"-")))} -> -
A24: 17 | B24: 1064754193 | C24: اميرة حسن عيسى حكمي | D24: 36 | E24: القطاع المركزي Central Sector | F24: 🟢 لا | G24: 3 | H24: 🟡 متوسط | I24: متابعة مكثفة | K24: 3 | L24: مستشفى جازان العام | M24: التوصية: | N24: {=IF(N17="","-",IFERROR(_xlfn.XLOOKUP(N17*1,B8:B166,I8:I166),IFERROR(_xlfn.XLOOKUP(TEXT(N17,"0"),TEXT(B8:B166,"0"),I8:I166),"-")))} -> -
A25: 18 | B25: 1098360264 | C25: AMAL MUSHARI ALKHAIRAT | D25: 29 | E25: القطاع المركزي Central Sector | F25: 🟢 لا | G25: 3 | H25: 🟡 متوسط | I25: متابعة مكثفة | K25: 3 | L25: مستشفى جازان العام
A26: 19 | B26: 1081663989 | C26: هدي منصور عبده حمدي | D26: 33 | E26: القطاع الجنوبي Southern Sector | F26: 🟢 لا | G26: 0 | H26: 🟢 منخفض | I26: متابعة روتينية | K26: 4 | L26: متابعة في المركز | M26: 📋 تعليمات الاستخدام
A27: 20 | B27: 1084038429 | C27: FATIMAH MOHAMMED HAMAD HAKAMI | D27: 42 | E27: القطاع المركزي Central Sector | F27: 🟢 لا | G27: 11 | H27: 🔴 حرج | I27: إحالة فورية | K27: 1 | L27: مستشفى جازان العام ⚠️ | M27: 1. البيانات تتحدث تلقائياً من ورقة البيانات
A28: 21 | B28: 1096237886 | C28: هناء حسن النعمي | D28: 36 | E28: القطاع الأوسط Middle Sector | F28: 🔴 نعم | G28: 8 | H28: 🔴 حرج | I28: إحالة فورية | J28: ✅ تم العلاج | K28: 1 | L28: مستشفى أبو عريش العام ⚠️ | M28: 2. للبحث: أدخل السجل المدني في الخانة الصفراء
A29: 22 | B29: 1077958971 | C29: fatma jaber mohammed | D29: 34 | E29: القطاع الشمالي Northern Sector | F29: 🔴 نعم | G29: 7 | H29: 🟠 عالي | I29: إحالة تخصصية | J29: ⚠️ بدون علاج | K29: 2 | L29: مستشفى بيش العام | M29: 3. الحالات الحرجة تظهر باللون الأحمر
A30: 23 | B30: 1133657294 | C30: سهام علي علي عتين | D30: 27 | E30: القطاع الجنوبي Southern Sector | F30: 🟢 لا | G30: 2 | H30: 🟢 منخفض | I30: متابعة روتينية | K30: 4 | L30: متابعة في المركز | M30: 4. ⚠️ بدون علاج = تحتاج Enoxaparin فوراً
A31: 24 | B31: 1073801175 | C31: RYHANA AHMED JABBAR | D31: 38 | E31: القطاع الشمالي Northern Sector | F31: 🟢 لا | G31: 3 | H31: 🟡 متوسط | I31: متابعة مكثفة | K31: 3 | L31: مستشفى بيش العام | M31: 5. للفرز: اضغط على عمود الأولوية (K)
A32: 25 | B32: 1129763536 | C32: نعمه احمد سليمان علي غزواني | D32: 20 | E32: القطاع الجبلي Aljabaly Sector | F32: 🟢 لا | G32: 0 | H32: 🟢 منخفض | I32: متابعة روتينية | K32: 4 | L32: متابعة في المركز
A33: 26 | B33: 1100678240 | C33: لطيفه علي موسى حيدر | D33: 28 | E33: القطاع الغربي Western Sector | F33: 🟢 لا | G33: 0 | H33: 🟢 منخفض | I33: متابعة روتينية | K33: 4 | L33: متابعة في المركز
A34: 27 | B34: 2500917717 | C34: Aesha MOHAMMED AHMED MURAYR | D34: 26 | E34: القطاع الغربي Western Sector | F34: 🟢 لا | G34: 0 | H34: 🟢 منخفض | I34: متابعة روتينية | K34: 4 | L34: متابعة في المركز
A35: 28 | B35: 1065088799 | C35: سهام احمد حسن مسملي | D35: 42 | E35: القطاع المركزي Central Sector | F35: 🔴 نعم | G35: 13 | H35: 🔴 حرج | I35: إحالة فورية | J35: ✅ تم العلاج | K35: 1 | L35: مستشفى جازان العام ⚠️
A36: 29 | B36: 1099873398 | C36: SHYMAA EISAA ALI | D36: 38 | E36: القطاع المركزي Central Sector | F36: 🔴 نعم | G36: 6 | H36: 🟠 عالي | I36: إحالة تخصصية | J36: ✅ تم العلاج | K36: 2 | L36: مستشفى جازان العام
A37: 30 | B37: 1112003148 | C37: ZARAH MOFAREH ALI SUHLULI | D37: 24 | E37: القطاع الغربي Western Sector | F37: 🟢 لا | G37: 2 | H37: 🟢 منخفض | I37: متابعة روتينية | K37: 4 | L37: متابعة في المركز
A38: 31 | B38: 1078175161 | C38: Nada bahlul yahya kurmi | D38: 36 | E38: القطاع الأوسط Middle Sector | F38: 🟢 لا | G38: 3 | H38: 🟡 متوسط | I38: متابعة مكثفة | K38: 3 | L38: مستشفى أبو عريش العام
A39: 32 | B39: 1103541114 | C39: RADHYAH YAHYA MOHAMMED ALMALKI | D39: 27 | E39: القطاع المركزي Central Sector | F39: 🟢 لا | G39: 0 | H39: 🟢 منخفض | I39: متابعة روتينية | K39: 4 | L39: متابعة في المركز
A40: 33 | B40: 1118015930 | C40: NORAH HUSSAIN OTHMAN HAKAMI | D40: 36 | E40: القطاع المركزي Central Sector | F40: 🟢 لا | G40: 1 | H40: 🟢 منخفض | I40: متابعة روتينية | K40: 4 | L40: متابعة في المركز
A41: 34 | B41: 1068377900 | C41: SALIHAH AHMED HUSSAIN GHAZWANI | D41: 35 | E41: القطاع المركزي Central Sector | F41: 🟢 لا | G41: 2 | H41: 🟢 منخفض | I41: متابعة روتينية | K41: 4 | L41: متابعة في المركز
A42: 35 | B42: 1104792658 | C42: Norah Mana Yahya | D42: 27 | E42: قطاع بني مالك Bani Malik Sector | F42: 🟢 لا | G42: 2 | H42: 🟢 منخفض | I42: متابعة روتينية | K42: 4 | L42: متابعة في المركز
A43: 36 | B43: 1095889521 | C43: RAHAF AHMED MOHAMMED ALRAJAB | D43: 28 | E43: القطاع المركزي Central Sector | F43: 🟢 لا | G43: 2 | H43: 🟢 منخفض | I43: متابعة روتينية | K43: 4 | L43: متابعة في المركز
A44: 37 | B44: 1060745641 | C44: AHLAAM ALI GASSAB ALSHAMRANI | D44: 36 | E44: القطاع المركزي Central Sector | F44: 🟢 لا | G44: 1 | H44: 🟢 منخفض | I44: متابعة روتينية | J44: ✅ تم العلاج | K44: 4 | L44: متابعة في المركز
A45: 38 | B45: 1080390451 | C45: كاذيه سلمان سالم حريصى | D45: 33 | E45: bany malik sectorقطاع بني مالك | F45: 🟢 لا | G45: 6 | H45: 🟠 عالي | I45: إحالة تخصصية | K45: 2 | L45: مستشفى أبو عريش العام
A46: 39 | B46: 1049993833 | C46: FATIMAH SIDDIQ YAHYA MASHYAKHI | D46: 41 | E46: Middle sectorالقطاع الاوسط | F46: 🟢 لا | G46: 4 | H46: 🟡 متوسط | I46: متابعة مكثفة | K46: 3 | L46: مستشفى أبو عريش العام
A47: 40 | B47: 1090542885 | C47: NIMAH HASSAN YAHYA SUHLULI | D47: 30 | E47: Western Sectorالقطاع الغربي | F47: 🟢 لا | G47: 8 | H47: 🔴 حرج | I47: إحالة فورية | K47: 1 | L47: مستشفى صبيا العام ⚠️
A48: 41 | B48: 1103036388 | C48: jumah ali ahmed | D48: 27 | E48: القطاع المركزي Central Sector | F48: 🟢 لا | G48: 6 | H48: 🟠 عالي | I48: إحالة تخصصية | K48: 2 | L48: مستشفى جازان العام
A49: 42 | B49: 1092252798 | C49: بدرية عبدالكريم حمدي | D49: 30 | E49: Central Sectorالقطاع المركزي | F49: 🟢 لا | G49: 4 | H49: 🟡 متوسط | I49: متابعة مكثفة | K49: 3 | L49: مستشفى جازان العام
A50: 43 | B50: 2473991921 | C50: SALMA YAHYA ALI AHMED MOHAMMED | D50: 38 | E50: Central Sectorالقطاع المركزي | F50: 🟢 لا | G50: 6 | H50: 🟠 عالي | I50: إحالة تخصصية | K50: 2 | L50: مستشفى جازان العام
A51: 44 | B51: 1073180869 | C51: SHATHA HASSAN ALI DAHISH | D51: 34 | E51: Central Sectorالقطاع المركزي | F51: 🟢 لا | G51: 4 | H51: 🟡 متوسط | I51: متابعة مكثفة | K51: 3 | L51: مستشفى جازان العام
A52: 45 | B52: 1067796324 | C52: نورة عبدة محمد القاضي | D52: 36 | E52: Southern Sector القطاع الجنوبي | F52: 🟢 لا | G52: 6 | H52: 🟠 عالي | I52: إحالة تخصصية | K52: 2 | L52: غير محدد
A53: 46 | B53: 1128328653 | C53: صفيه محمد جابر هزازى | D53: 42 | E53: Southern Sector القطاع الجنوبي | F53: 🟢 لا | G53: 4 | H53: 🟡 متوسط | I53: متابعة مكثفة | K53: 3 | L53: غير محدد
A54: 47 | B54: 1087731228 | C54: وفاء فيصل عبدالله قيسي | D54: 31 | E54: Central Sectorالقطاع المركزي | F54: 🟢 لا | G54: 4 | H54: 🟡 متوسط | I54: متابعة مكثفة | K54: 3 | L54: مستشفى جازان العام
A55: 48 | B55: 1067852978 | C55: Amani jubran sahly | D55: 38 | E55: Southern Sector القطاع الجنوبي | F55: 🟢 لا | G55: 6 | H55: 🟠 عالي | I55: إحالة تخصصية | K55: 2 | L55: غير محدد
A56: 49 | B56: 1067275899 | C56: نجود يحيى عبده قاسم | D56: 36 | E56: Central Sectorالقطاع المركزي | F56: 🟢 لا | G56: 4 | H56: 🟡 متوسط | I56: متابعة مكثفة | K56: 3 | L56: مستشفى جازان العام
A57: 50 | B57: 1143043576 | C57: JAYDAA MOHAMMED IBRAHIM HADDAD | D57: 17Y 10M | E57: Central Sectorالقطاع المركزي | F57: 🟢 لا | G57: 4 | H57: 🟡 متوسط | I57: متابعة مكثفة | K57: 3 | L57: مستشفى جازان العام
A58: 51 | B58: 1076797065 | C58: سكوت معيد | D58: 37 | E58: Central Sectorالقطاع المركزي | F58: 🟢 لا | G58: 9 | H58: 🔴 حرج | I58: إحالة فورية | K58: 1 | L58: مستشفى جازان العام ⚠️
A59: 52 | B59: 1100722410 | C59: جميله سلمان جبران غزواني | D59: 28 | E59: aljabaly sectorالقطاع الجبلي | F59: 🔴 نعم | G59: 12 | H59: 🔴 حرج | I59: إحالة فورية | J59: ✅ تم العلاج | K59: 1 | L59: مستشفى صبيا العام ⚠️
A60: 53 | B60: 2491982274 | C60: عايشه احمد ابراهيم الحسني | D60: 28 | E60: Southern Sector القطاع الجنوبي | F60: 🟢 لا | G60: 4 | H60: 🟡 متوسط | I60: متابعة مكثفة | K60: 3 | L60: غير محدد
A61: 54 | B61: 1019481843 | C61: جميله محمد حسن غزواني | D61: 43 | E61: aljabaly sectorالقطاع الجبلي | F61: 🔴 نعم | G61: 9 | H61: 🔴 حرج | I61: إحالة فورية | J61: ✅ تم العلاج | K61: 1 | L61: مستشفى صبيا العام ⚠️
A62: 55 | B62: 107974781 | C62: زينب علي عيسي قيسي | D62: 33 | E62: Southern Sector القطاع الجنوبي | F62: 🔴 نعم | G62: 11 | H62: 🔴 حرج | I62: إحالة فورية | J62: ⚠️ بدون علاج | K62: 1 | L62: غير محدد
A63: 56 | B63: 2497025862 | C63: RAHMAH ABDOH IBRAHIM | D63: 31 | E63: Central Sectorالقطاع المركزي | F63: 🟢 لا | G63: 6 | H63: 🟠 عالي | I63: إحالة تخصصية | K63: 2 | L63: مستشفى جازان العام
A64: 57 | B64: 1077341780 | C64: EISHAH MOHAMMED AHMED ALJOHANI | D64: 34 | E64: Central Sectorالقطاع المركزي | F64: 🟢 لا | G64: 8 | H64: 🔴 حرج | I64: إحالة فورية | K64: 1 | L64: مستشفى جازان العام ⚠️
A65: 58 | B65: 1054054844 | C65: KHULUD ESSA BINALI KHORMI | D65: 38 | E65: Central Sectorالقطاع المركزي | F65: 🟢 لا | G65: 6 | H65: 🟠 عالي | I65: إحالة تخصصية | K65: 2 | L65: مستشفى جازان العام
A66: 59 | B66: 1072268608 | C66: FATEMAH ABDULAZIZ ALI ALHAKAMI | D66: 35 | E66: Central Sectorالقطاع المركزي | F66: 🟢 لا | G66: 4 | H66: 🟡 متوسط | I66: متابعة مكثفة | K66: 3 | L66: مستشفى جازان العام
A67: 60 | B67: 2055979120 | C67: TAYSIR HASSAN ABDU SIDDIQ | D67: 42 | E67: Central Sectorالقطاع المركزي | F67: 🟢 لا | G67: 6 | H67: 🟠 عالي | I67: إحالة تخصصية | K67: 2 | L67: مستشفى جازان العام
A68: 61 | B68: 1101751707 | C68: فاطمه سنينس صوعان هزازي | D68: 28 | E68: Southern Sector القطاع الجنوبي | F68: 🟢 لا | G68: 4 | H68: 🟡 متوسط | I68: متابعة مكثفة | K68: 3 | L68: غير محدد
A69: 62 | B69: 1015011933 | C69: FATIMAH MANSOUR AHMED QASEM | D69: 41 | E69: Central Sectorالقطاع المركزي | F69: 🟢 لا | G69: 4 | H69: 🟡 متوسط | I69: متابعة مكثفة | K69: 3 | L69: مستشفى جازان العام
A70: 63 | B70: 1090577048 | C70: Jumah hassan mohmmed hurubi | D70: 30 | E70: Western Sectorالقطاع الغربي | F70: 🟢 لا | G70: 4 | H70: 🟡 متوسط | I70: متابعة مكثفة | K70: 3 | L70: مستشفى صبيا العام
A71: 64 | B71: 1133130185 | C71: WAFA ZAHER YAHYA ALOTAYFI | D71: 25 | E71: Central Sectorالقطاع المركزي | F71: 🟢 لا | G71: 4 | H71: 🟡 متوسط | I71: متابعة مكثفة | K71: 3 | L71: مستشفى جازان العام
A72: 65 | B72: 1107741249 | C72: WASAN OMAR BUHAYS ALNAJJAR | D72: 26 | E72: Central Sectorالقطاع المركزي | F72: 🟢 لا | G72: 4 | H72: 🟡 متوسط | I72: متابعة مكثفة | K72: 3 | L72: مستشفى جازان العام
A73: 66 | B73: 1066057504 | C73: ABEER HASSAN MOHAMMED AGEELI | D73: 36 | E73: Central Sectorالقطاع المركزي | F73: 🟢 لا | G73: 6 | H73: 🟠 عالي | I73: إحالة تخصصية | K73: 2 | L73: مستشفى جازان العام
A74: 67 | B74: 1074755255 | C74: HAWMAA ALI IBRAHIM FOQERY | D74: 41 | E74: Northern Sectorالقطاع الشمالي | F74: 🟢 لا | G74: 8 | H74: 🔴 حرج | I74: إحالة فورية | K74: 1 | L74: مستشفى بيش العام ⚠️
... A79: 72 | B79: 2495492387 | C79: عائشة محمد عبدالله حدادي | D79: 34 | E79: Southern Sector القطاع الجنوبي | F79: 🟢 لا | G79: 4 | H79: 🟡 متوسط | I79: متابعة مكثفة | K79: 3 | L79: غير محدد
A80: 73 | B80: 1050676012 | C80: NASIYAH ALI AHMED HAZAZI | D80: 41 | E80: Central Sectorالقطاع المركزي | F80: 🔴 نعم | G80: 9 | H80: 🔴 حرج | I80: إحالة فورية | J80: ⚠️ بدون علاج | K80: 1 | L80: مستشفى جازان العام ⚠️
A81: 74 | B81: 1107083220 | C81: ناديه علي احمد مدخلي | D81: 27 | E81: Southern Sector القطاع الجنوبي | F81: 🔴 نعم | G81: 5 | H81: 🟠 عالي | I81: إحالة تخصصية | J81: ⚠️ بدون علاج | K81: 2 | L81: غير محدد
A82: 75 | B82: 1083154862 | C82: عائشة ثابت مهدي | D82: 37 | E82: Central Sectorالقطاع المركزي | F82: 🟢 لا | G82: 3 | H82: 🟡 متوسط | I82: متابعة مكثفة | K82: 3 | L82: مستشفى جازان العام
A83: 76 | B83: 1059980852 | C83: THURAYA | D83: 38 | E83: Southern Sector القطاع الجنوبي | F83: 🟢 لا | G83: 3 | H83: 🟡 متوسط | I83: متابعة مكثفة | K83: 3 | L83: غير محدد
A84: 77 | B84: 2101886071 | C84: سلمى احمد محمد حشيبري | D84: 37 | E84: Central Sectorالقطاع المركزي | F84: 🟢 لا | G84: 1 | H84: 🟢 منخفض | I84: متابعة روتينية | K84: 4 | L84: متابعة في المركز
A85: 78 | B85: 1103437313 | C85: FATIMAH MAHDI MOHSEN TUMAYHI | D85: 29 | E85: Central Sectorالقطاع المركزي | F85: 🟢 لا | G85: 2 | H85: 🟢 منخفض | I85: متابعة روتينية | K85: 4 | L85: متابعة في المركز
A86: 79 | B86: 1079140610 | C86: عزيزة احمد مساوي شوك | D86: 38 | E86: Southern Sector القطاع الجنوبي | F86: 🟢 لا | G86: 3 | H86: 🟡 متوسط | I86: متابعة مكثفة | K86: 3 | L86: غير محدد
A87: 80 | B87: 2443351560 | C87: هدى علي ربيع عيسى عظابي | D87: 39 | E87: Central Sectorالقطاع المركزي | F87: 🟢 لا | G87: 1 | H87: 🟢 منخفض | I87: متابعة روتينية | K87: 4 | L87: متابعة في المركز
A88: 81 | B88: 1049852633 | C88: رحمة محمد مهدي مغفوري | D88: 39 | E88: Central Sectorالقطاع المركزي | F88: 🟢 لا | G88: 3 | H88: 🟡 متوسط | I88: متابعة مكثفة | K88: 3 | L88: مستشفى جازان العام
A89: 82 | B89: 1049017419 | C89: FATIMAH HASSAN ABDULLAH SALEH | D89: 38 | E89: Central Sectorالقطاع المركزي | F89: 🔴 نعم | G89: 12 | H89: 🔴 حرج | I89: إحالة فورية | J89: ✅ تم العلاج | K89: 1 | L89: مستشفى جازان العام ⚠️
A90: 83 | B90: 2214885804 | C90: SHAHD AHMED | D90: 21 | E90: Central Sectorالقطاع المركزي | F90: 🟢 لا | G90: 2 | H90: 🟢 منخفض | I90: متابعة روتينية | K90: 4 | L90: متابعة في المركز
A91: 84 | B91: 1083517712 | C91: HUDA HADI OTHMAN HUFDI | D91: 32 | E91: Western Sectorالقطاع الغربي | F91: 🟢 لا | G91: 2 | H91: 🟢 منخفض | I91: متابعة روتينية | K91: 4 | L91: متابعة في المركز
A92: 85 | B92: 1086339510 | C92: مريم حسن المالكي | D92: 31 | E92: Central Sectorالقطاع المركزي | F92: 🟢 لا | G92: 0 | H92: 🟢 منخفض | I92: متابعة روتينية | K92: 4 | L92: متابعة في المركز
A93: 86 | B93: 1124369578 | C93: RANEEM ALI | D93: 22 | E93: Central Sectorالقطاع المركزي | F93: 🟢 لا | G93: 2 | H93: 🟢 منخفض | I93: متابعة روتينية | K93: 4 | L93: متابعة في المركز
A94: 87 | B94: 1072225616 | C94: Walla abdu awajy | D94: 34 | E94: Southern Sector القطاع الجنوبي | F94: 🔴 نعم | G94: 9 | H94: 🔴 حرج | I94: إحالة فورية | J94: ⚠️ بدون علاج | K94: 1 | L94: غير محدد
A95: 88 | B95: 1121850158 | C95: GHADEER FAHAD ESSA HAKAMI | D95: 28 | E95: Central Sectorالقطاع المركزي | F95: 🟢 لا | G95: 2 | H95: 🟢 منخفض | I95: متابعة روتينية | K95: 4 | L95: متابعة في المركز
A96: 89 | B96: 1115266841 | C96: SALMA ALI JABBAR | D96: 24 | E96: Northern Sectorالقطاع الشمالي | F96: 🟢 لا | G96: 2 | H96: 🟢 منخفض | I96: متابعة روتينية | K96: 4 | L96: متابعة في المركز
A97: 90 | B97: 1077583548 | C97: حنان احمد محمد عواجي | D97: 32 | E97: Southern Sector القطاع الجنوبي | F97: 🟢 لا | G97: 2 | H97: 🟢 منخفض | I97: متابعة روتينية | K97: 4 | L97: متابعة في المركز
A98: 91 | B98: 1105342776 | C98: MASHAEL JABER SAWHAN | D98: 27 | E98: Northern Sectorالقطاع الشمالي | F98: 🟢 لا | G98: 2 | H98: 🟢 منخفض | I98: متابعة روتينية | K98: 4 | L98: متابعة في المركز
A99: 92 | B99: 1076142635 | C99: NORAH ALI TAYYASH ASHIRI (164000000004501) - نوره علي بن طياش عشيري | D99: 34 | E99: Central Sectorالقطاع المركزي | F99: 🟢 لا | G99: 0 | H99: 🟢 منخفض | I99: متابعة روتينية | K99: 4 | L99: متابعة في المركز
A100: 93 | B100: 1068046877 | C100: خديجة هاشم | D100: 35 | E100: Central Sectorالقطاع المركزي | F100: 🟢 لا | G100: 5 | H100: 🟠 عالي | I100: إحالة تخصصية | K100: 2 | L100: مستشفى جازان العام
A101: 94 | B101: 1137318042 | C101: ALIYAH AHMED ABDULLAH QAYSI | D101: 23 | E101: Central Sectorالقطاع المركزي | F101: 🟢 لا | G101: 0 | H101: 🟢 منخفض | I101: متابعة روتينية | K101: 4 | L101: متابعة في المركز
A102: 95 | B102: 1022258550 | C102: MAJIDAH SULAIMAN AHMED ALSHAHRANI | D102: 42 | E102: Central Sectorالقطاع المركزي | F102: 🟢 لا | G102: 4 | H102: 🟡 متوسط | I102: متابعة مكثفة | K102: 3 | L102: مستشفى جازان العام
A103: 96 | B103: 2379722966 | C103: رانية عبد السلام امجاهد | D103: 34 | E103: Central Sectorالقطاع المركزي | F103: 🟢 لا | G103: 2 | H103: 🟢 منخفض | I103: متابعة روتينية | K103: 4 | L103: متابعة في المركز
A104: 97 | B104: 1068047016 | C104: جمعة علي يحيى غزواني | D104: 41 | E104: aljabaly sectorالقطاع الجبلي | F104: 🔴 نعم | G104: 13 | H104: 🔴 حرج | I104: إحالة فورية | J104: ⚠️ بدون علاج | K104: 1 | L104: مستشفى صبيا العام ⚠️
A105: 98 | B105: 1058861640 | C105: JUMAH MASHNI ABDULLAH TUMAYHI | D105: 38 | E105: Western Sectorالقطاع الغربي | F105: 🟢 لا | G105: 3 | H105: 🟡 متوسط | I105: متابعة مكثفة | K105: 3 | L105: مستشفى صبيا العام
...

Sheet إحالات_KFCH
A1: 🏥 مستشفى الملك فهد المركزي - قائمة الإحالات (تلقائي من البيانات)
B2: {=SUMPRODUCT((ISNUMBER(SEARCH("فهد",البيانات!$AS$2:$AS$300)))*1)} -> 1
A3: ✅ هذه الورقة تسحب تلقائياً الحالات المسجلة لمستشفى الملك فهد من عمود 'اسم المستشفى المحال إليه' في ورقة البيانات
A5: # | B5: السجل المدني | C5: اسم المريضة | D5: العمر | E5: القطاع | F5: رقم الجوال | G5: مستوى الخطر | H5: توصية الإحالة | I5: تاريخ الزيارة | J5: تاريخ الموعد | K5: الالتزام | L5: افادة الحضور | M5: تصنيف المنسق | N5: ملاحظات المنسق
A7: 1 | B7: {=IFERROR(INDEX(_xlfn._xlws.FILTER(البيانات!$V:$V,ISNUMBER(SEARCH("فهد",البيانات!$AS:$AS))),ROW()-6),"")} -> 1108769298 | C7: {=IFERROR(INDEX(_xlfn._xlws.FILTER(البيانات!$U:$U,ISNUMBER(SEARCH("فهد",البيانات!$AS:$AS))),ROW()-6),"")} -> منيرة خالد علي خبراني | D7: {=IFERROR(INDEX(_xlfn._xlws.FILTER(البيانات!$T:$T,ISNUMBER(SEARCH("فهد",البيانات!$AS:$AS))),ROW()-6),"")} -> 26 | E7: {=IFERROR(INDEX(_xlfn._xlws.FILTER(البيانات!$F:$F,ISNUMBER(SEARCH("فهد",البيانات!$AS:$AS))),ROW()-6),"")} -> القطاع الأوسط Middle Sector | F7: {=IFERROR(INDEX(_xlfn._xlws.FILTER(البيانات!$Y:$Y,ISNUMBER(SEARCH("فهد",البيانات!$AS:$AS))),ROW()-6),"")} -> 0551309299 | I7: {=IFERROR(INDEX(_xlfn._xlws.FILTER(البيانات!$P:$P,ISNUMBER(SEARCH("فهد",البيانات!$AS:$AS))),ROW()-6),"")} -> 46113 | J7: {=IFERROR(INDEX(_xlfn._xlws.FILTER(البيانات!$AI:$AI,ISNUMBER(SEARCH("فهد",البيانات!$AS:$AS))),ROW()-6),"")} -> 46117 | K7: =IF(OR(I7="",J7=""),"",IF(NETWORKDAYS.INTL(I7,J7,"0000011")-1<=2,"✅ ملتزم","❌ غير ملتزم")) -> ✅ ملتزم | L7: {=IFERROR(INDEX(_xlfn._xlws.FILTER(البيانات!$AJ:$AJ,ISNUMBER(SEARCH("فهد",البيانات!$AS:$AS))),ROW()-6),"")} -> حضرت
A8: 2 | B8: {=IFERROR(INDEX(_xlfn._xlws.FILTER(البيانات!$V:$V,ISNUMBER(SEARCH("فهد",البيانات!$AS:$AS))),2),"")} | C8: {=IFERROR(INDEX(_xlfn._xlws.FILTER(البيانات!$U:$U,ISNUMBER(SEARCH("فهد",البيانات!$AS:$AS))),2),"")} | D8: {=IFERROR(INDEX(_xlfn._xlws.FILTER(البيانات!$T:$T,ISNUMBER(SEARCH("فهد",البيانات!$AS:$AS))),2),"")} | E8: {=IFERROR(INDEX(_xlfn._xlws.FILTER(البيانات!$F:$F,ISNUMBER(SEARCH("فهد",البيانات!$AS:$AS))),2),"")} | F8: {=IFERROR(INDEX(_xlfn._xlws.FILTER(البيانات!$Y:$Y,ISNUMBER(SEARCH("فهد",البيانات!$AS:$AS))),2),"")} | I8: {=IFERROR(INDEX(_xlfn._xlws.FILTER(البيانات!$P:$P,ISNUMBER(SEARCH("فهد",البيانات!$AS:$AS))),2),"")} | J8: {=IFERROR(INDEX(_xlfn._xlws.FILTER(البيانات!$AI:$AI,ISNUMBER(SEARCH("فهد",البيانات!$AS:$AS))),2),"")} | K8: =IF(OR(I8="",J8=""),"⏳ بانتظار",IF(NETWORKDAYS.INTL(I8,J8,"0000011")-1<=2,"✅ ملتزم","❌ غير ملتزم")) -> ⏳ بانتظار | L8: {=IFERROR(INDEX(_xlfn._xlws.FILTER(البيانات!$AJ:$AJ,ISNUMBER(SEARCH("فهد",البيانات!$AS:$AS))),2),"")}
A9: 3 | B9: {=IFERROR(INDEX(_xlfn._xlws.FILTER(البيانات!$V:$V,ISNUMBER(SEARCH("فهد",البيانات!$AS:$AS))),3),"")} | C9: {=IFERROR(INDEX(_xlfn._xlws.FILTER(البيانات!$U:$U,ISNUMBER(SEARCH("فهد",البيانات!$AS:$AS))),3),"")} | D9: {=IFERROR(INDEX(_xlfn._xlws.FILTER(البيانات!$T:$T,ISNUMBER(SEARCH("فهد",البيانات!$AS:$AS))),3),"")} | E9: {=IFERROR(INDEX(_xlfn._xlws.FILTER(البيانات!$F:$F,ISNUMBER(SEARCH("فهد",البيانات!$AS:$AS))),3),"")} | F9: {=IFERROR(INDEX(_xlfn._xlws.FILTER(البيانات!$Y:$Y,ISNUMBER(SEARCH("فهد",البيانات!$AS:$AS))),3),"")} | I9: {=IFERROR(INDEX(_xlfn._xlws.FILTER(البيانات!$P:$P,ISNUMBER(SEARCH("فهد",البيانات!$AS:$AS))),3),"")} | J9: {=IFERROR(INDEX(_xlfn._xlws.FILTER(البيانات!$AI:$AI,ISNUMBER(SEARCH("فهد",البيانات!$AS:$AS))),3),"")} | K9: =IF(OR(I9="",J9=""),"⏳ بانتظار",IF(NETWORKDAYS.INTL(I9,J9,"0000011")-1<=2,"✅ ملتزم","❌ غير ملتزم")) -> ⏳ بانتظار | L9: {=IFERROR(INDEX(_xlfn._xlws.FILTER(البيانات!$AJ:$AJ,ISNUMBER(SEARCH("فهد",البيانات!$AS:$AS))),3),"")}
A10: 4 | B10: {=IFERROR(INDEX(_xlfn._xlws.FILTER(البيانات!$V:$V,ISNUMBER(SEARCH("فهد",البيانات!$AS:$AS))),4),"")} | C10: {=IFERROR(INDEX(_xlfn._xlws.FILTER(البيانات!$U:$U,ISNUMBER(SEARCH("فهد",البيانات!$AS:$AS))),4),"")} | D10: {=IFERROR(INDEX(_xlfn._xlws.FILTER(البيانات!$T:$T,ISNUMBER(SEARCH("فهد",البيانات!$AS:$AS))),4),"")} | E10: {=IFERROR(INDEX(_xlfn._xlws.FILTER(البيانات!$F:$F,ISNUMBER(SEARCH("فهد",البيانات!$AS:$AS))),4),"")} | F10: {=IFERROR(INDEX(_xlfn._xlws.FILTER(البيانات!$Y:$Y,ISNUMBER(SEARCH("فهد",البيانات!$AS:$AS))),4),"")} | I10: {=IFERROR(INDEX(_xlfn._xlws.FILTER(البيانات!$P:$P,ISNUMBER(SEARCH("فهد",البيانات!$AS:$AS))),4),"")} | J10: {=IFERROR(INDEX(_xlfn._xlws.FILTER(البيانات!$AI:$AI,ISNUMBER(SEARCH("فهد",البيانات!$AS:$AS))),4),"")} | K10: =IF(OR(I10="",J10=""),"⏳ بانتظار",IF(NETWORKDAYS.INTL(I10,J10,"0000011")-1<=2,"✅ ملتزم","❌ غير ملتزم")) -> ⏳ بانتظار | L10: {=IFERROR(INDEX(_xlfn._xlws.FILTER(البيانات!$AJ:$AJ,ISNUMBER(SEARCH("فهد",البيانات!$AS:$AS))),4),"")}
A11: 5 | B11: {=IFERROR(INDEX(_xlfn._xlws.FILTER(البيانات!$V:$V,ISNUMBER(SEARCH("فهد",البيانات!$AS:$AS))),5),"")} | C11: {=IFERROR(INDEX(_xlfn._xlws.FILTER(البيانات!$U:$U,ISNUMBER(SEARCH("فهد",البيانات!$AS:$AS))),5),"")} | D11: {=IFERROR(INDEX(_xlfn._xlws.FILTER(البيانات!$T:$T,ISNUMBER(SEARCH("فهد",البيانات!$AS:$AS))),5),"")} | E11: {=IFERROR(INDEX(_xlfn._xlws.FILTER(البيانات!$F:$F,ISNUMBER(SEARCH("فهد",البيانات!$AS:$AS))),5),"")} | F11: {=IFERROR(INDEX(_xlfn._xlws.FILTER(البيانات!$Y:$Y,ISNUMBER(SEARCH("فهد",البيانات!$AS:$AS))),5),"")} | I11: {=IFERROR(INDEX(_xlfn._xlws.FILTER(البيانات!$P:$P,ISNUMBER(SEARCH("فهد",البيانات!$AS:$AS))),5),"")} | J11: {=IFERROR(INDEX(_xlfn._xlws.FILTER(البيانات!$AI:$AI,ISNUMBER(SEARCH("فهد",البيانات!$AS:$AS))),5),"")} | K11: =IF(OR(I11="",J11=""),"⏳ بانتظار",IF(NETWORKDAYS.INTL(I11,J11,"0000011")-1<=2,"✅ ملتزم","❌ غير ملتزم")) -> ⏳ بانتظار | L11: {=IFERROR(INDEX(_xlfn._xlws.FILTER(البيانات!$AJ:$AJ,ISNUMBER(SEARCH("فهد",البيانات!$AS:$AS))),5),"")}
A12: 6 | B12: {=IFERROR(INDEX(_xlfn._xlws.FILTER(البيانات!$V:$V,ISNUMBER(SEARCH("فهد",البيانات!$AS:$AS))),6),"")} | C12: {=IFERROR(INDEX(_xlfn._xlws.FILTER(البيانات!$U:$U,ISNUMBER(SEARCH("فهد",البيانات!$AS:$AS))),6),"")} | D12: {=IFERROR(INDEX(_xlfn._xlws.FILTER(البيانات!$T:$T,ISNUMBER(SEARCH("فهد",البيانات!$AS:$AS))),6),"")} | E12: {=IFERROR(INDEX(_xlfn._xlws.FILTER(البيانات!$F:$F,ISNUMBER(SEARCH("فهد",البيانات!$AS:$AS))),6),"")} | F12: {=IFERROR(INDEX(_xlfn._xlws.FILTER(البيانات!$Y:$Y,ISNUMBER(SEARCH("فهد",البيانات!$AS:$AS))),6),"")} | I12: {=IFERROR(INDEX(_xlfn._xlws.FILTER(البيانات!$P:$P,ISNUMBER(SEARCH("فهد",البيانات!$AS:$AS))),6),"")} | J12: {=IFERROR(INDEX(_xlfn._xlws.FILTER(البيانات!$AI:$AI,ISNUMBER(SEARCH("فهد",البيانات!$AS:$AS))),6),"")} | K12: =IF(OR(I12="",J12=""),"⏳ بانتظار",IF(NETWORKDAYS.INTL(I12,J12,"0000011")-1<=2,"✅ ملتزم","❌ غير ملتزم")) -> ⏳ بانتظار | L12: {=IFERROR(INDEX(_xlfn._xlws.FILTER(البيانات!$AJ:$AJ,ISNUMBER(SEARCH("فهد",البيانات!$AS:$AS))),6),"")}
A13: 7 | B13: {=IFERROR(INDEX(_xlfn._xlws.FILTER(البيانات!$V:$V,ISNUMBER(SEARCH("فهد",البيانات!$AS:$AS))),7),"")} | C13: {=IFERROR(INDEX(_xlfn._xlws.FILTER(البيانات!$U:$U,ISNUMBER(SEARCH("فهد",البيانات!$AS:$AS))),7),"")} | D13: {=IFERROR(INDEX(_xlfn._xlws.FILTER(البيانات!$T:$T,ISNUMBER(SEARCH("فهد",البيانات!$AS:$AS))),7),"")} | E13: {=IFERROR(INDEX(_xlfn._xlws.FILTER(البيانات!$F:$F,ISNUMBER(SEARCH("فهد",البيانات!$AS:$AS))),7),"")} | F13: {=IFERROR(INDEX(_xlfn._xlws.FILTER(البيانات!$Y:$Y,ISNUMBER(SEARCH("فهد",البيانات!$AS:$AS))),7),"")} | I13: {=IFERROR(INDEX(_xlfn._xlws.FILTER(البيانات!$P:$P,ISNUMBER(SEARCH("فهد",البيانات!$AS:$AS))),7),"")} | J13: {=IFERROR(INDEX(_xlfn._xlws.FILTER(البيانات!$AI:$AI,ISNUMBER(SEARCH("فهد",البيانات!$AS:$AS))),7),"")} | K13: =IF(OR(I13="",J13=""),"⏳ بانتظار",IF(NETWORKDAYS.INTL(I13,J13,"0000011")-1<=2,"✅ ملتزم","❌ غير ملتزم")) -> ⏳ بانتظار | L13: {=IFERROR(INDEX(_xlfn._xlws.FILTER(البيانات!$AJ:$AJ,ISNUMBER(SEARCH("فهد",البيانات!$AS:$AS))),7),"")}
A14: 8 | B14: {=IFERROR(INDEX(_xlfn._xlws.FILTER(البيانات!$V:$V,ISNUMBER(SEARCH("فهد",البيانات!$AS:$AS))),8),"")} | C14: {=IFERROR(INDEX(_xlfn._xlws.FILTER(البيانات!$U:$U,ISNUMBER(SEARCH("فهد",البيانات!$AS:$AS))),8),"")} | D14: {=IFERROR(INDEX(_xlfn._xlws.FILTER(البيانات!$T:$T,ISNUMBER(SEARCH("فهد",البيانات!$AS:$AS))),8),"")} | E14: {=IFERROR(INDEX(_xlfn._xlws.FILTER(البيانات!$F:$F,ISNUMBER(SEARCH("فهد",البيانات!$AS:$AS))),8),"")} | F14: {=IFERROR(INDEX(_xlfn._xlws.FILTER(البيانات!$Y:$Y,ISNUMBER(SEARCH("فهد",البيانات!$AS:$AS))),8),"")} | I14: {=IFERROR(INDEX(_xlfn._xlws.FILTER(البيانات!$P:$P,ISNUMBER(SEARCH("فهد",البيانات!$AS:$AS))),8),"")} | J14: {=IFERROR(INDEX(_xlfn._xlws.FILTER(البيانات!$AI:$AI,ISNUMBER(SEARCH("فهد",البيانات!$AS:$AS))),8),"")} | K14: =IF(OR(I14="",J14=""),"⏳ بانتظار",IF(NETWORKDAYS.INTL(I14,J14,"0000011")-1<=2,"✅ ملتزم","❌ غير ملتزم")) -> ⏳ بانتظار | L14: {=IFERROR(INDEX(_xlfn._xlws.FILTER(البيانات!$AJ:$AJ,ISNUMBER(SEARCH("فهد",البيانات!$AS:$AS))),8),"")}
A15: 9 | B15: {=IFERROR(INDEX(_xlfn._xlws.FILTER(البيانات!$V:$V,ISNUMBER(SEARCH("فهد",البيانات!$AS:$AS))),9),"")} | C15: {=IFERROR(INDEX(_xlfn._xlws.FILTER(البيانات!$U:$U,ISNUMBER(SEARCH("فهد",البيانات!$AS:$AS))),9),"")} | D15: {=IFERROR(INDEX(_xlfn._xlws.FILTER(البيانات!$T:$T,ISNUMBER(SEARCH("فهد",البيانات!$AS:$AS))),9),"")} | E15: {=IFERROR(INDEX(_xlfn._xlws.FILTER(البيانات!$F:$F,ISNUMBER(SEARCH("فهد",البيانات!$AS:$AS))),9),"")} | F15: {=IFERROR(INDEX(_xlfn._xlws.FILTER(البيانات!$Y:$Y,ISNUMBER(SEARCH("فهد",البيانات!$AS:$AS))),9),"")} | I15: {=IFERROR(INDEX(_xlfn._xlws.FILTER(البيانات!$P:$P,ISNUMBER(SEARCH("فهد",البيانات!$AS:$AS))),9),"")} | J15: {=IFERROR(INDEX(_xlfn._xlws.FILTER(البيانات!$AI:$AI,ISNUMBER(SEARCH("فهد",البيانات!$AS:$AS))),9),"")} | K15: =IF(OR(I15="",J15=""),"⏳ بانتظار",IF(NETWORKDAYS.INTL(I15,J15,"0000011")-1<=2,"✅ ملتزم","❌ غير ملتزم")) -> ⏳ بانتظار | L15: {=IFERROR(INDEX(_xlfn._xlws.FILTER(البيانات!$AJ:$AJ,ISNUMBER(SEARCH("فهد",البيانات!$AS:$AS))),9),"")}
A16: 10 | B16: {=IFERROR(INDEX(_xlfn._xlws.FILTER(البيانات!$V:$V,ISNUMBER(SEARCH("فهد",البيانات!$AS:$AS))),10),"")} | C16: {=IFERROR(INDEX(_xlfn._xlws.FILTER(البيانات!$U:$U,ISNUMBER(SEARCH("فهد",البيانات!$AS:$AS))),10),"")} | D16: {=IFERROR(INDEX(_xlfn._xlws.FILTER(البيانات!$T:$T,ISNUMBER(SEARCH("فهد",البيانات!$AS:$AS))),10),"")} | E16: {=IFERROR(INDEX(_xlfn._xlws.FILTER(البيانات!$F:$F,ISNUMBER(SEARCH("فهد",البيانات!$AS:$AS))),10),"")} | F16: {=IFERROR(INDEX(_xlfn._xlws.FILTER(البيانات!$Y:$Y,ISNUMBER(SEARCH("فهد",البيانات!$AS:$AS))),10),"")} | I16: {=IFERROR(INDEX(_xlfn._xlws.FILTER(البيانات!$P:$P,ISNUMBER(SEARCH("فهد",البيانات!$AS:$AS))),10),"")} | J16: {=IFERROR(INDEX(_xlfn._xlws.FILTER(البيانات!$AI:$AI,ISNUMBER(SEARCH("فهد",البيانات!$AS:$AS))),10),"")} | K16: =IF(OR(I16="",J16=""),"⏳ بانتظار",IF(NETWORKDAYS.INTL(I16,J16,"0000011")-1<=2,"✅ ملتزم","❌ غير ملتزم")) -> ⏳ بانتظار | L16: {=IFERROR(INDEX(_xlfn._xlws.FILTER(البيانات!$AJ:$AJ,ISNUMBER(SEARCH("فهد",البيانات!$AS:$AS))),10),"")}
A17: 11 | B17: {=IFERROR(INDEX(البيانات!$V$2:$V$500,SMALL(IF((ISNUMBER(SEARCH("فهد",البيانات!$AM$2:$AM$500))+ISNUMBER(SEARCH("KFCH",البيانات!$AM$2:$AM$500)))>0,ROW(البيانات!$V$2:$V$500)-ROW(البيانات!$V$2)+1),11)),"")} | C17: {=IFERROR(INDEX(البيانات!$U$2:$U$500,SMALL(IF((ISNUMBER(SEARCH("فهد",البيانات!$AM$2:$AM$500))+ISNUMBER(SEARCH("KFCH",البيانات!$AM$2:$AM$500)))>0,ROW(البيانات!$U$2:$U$500)-ROW(البيانات!$U$2)+1),11)),"")} | D17: {=IFERROR(INDEX(البيانات!$T$2:$T$500,SMALL(IF((ISNUMBER(SEARCH("فهد",البيانات!$AM$2:$AM$500))+ISNUMBER(SEARCH("KFCH",البيانات!$AM$2:$AM$500)))>0,ROW(البيانات!$T$2:$T$500)-ROW(البيانات!$T$2)+1),11)),"")} | E17: {=IFERROR(INDEX(البيانات!$F$2:$F$500,SMALL(IF((ISNUMBER(SEARCH("فهد",البيانات!$AM$2:$AM$500))+ISNUMBER(SEARCH("KFCH",البيانات!$AM$2:$AM$500)))>0,ROW(البيانات!$F$2:$F$500)-ROW(البيانات!$F$2)+1),11)),"")} | F17: {=IFERROR(INDEX(البيانات!$Y$2:$Y$500,SMALL(IF((ISNUMBER(SEARCH("فهد",البيانات!$AM$2:$AM$500))+ISNUMBER(SEARCH("KFCH",البيانات!$AM$2:$AM$500)))>0,ROW(البيانات!$Y$2:$Y$500)-ROW(البيانات!$Y$2)+1),11)),"")} | I17: {=IFERROR(INDEX(البيانات!$P$2:$P$500,SMALL(IF((ISNUMBER(SEARCH("فهد",البيانات!$AM$2:$AM$500))+ISNUMBER(SEARCH("KFCH",البيانات!$AM$2:$AM$500)))>0,ROW(البيانات!$P$2:$P$500)-ROW(البيانات!$P$2)+1),11)),"")} | J17: {=IFERROR(INDEX(البيانات!$AI$2:$AI$500,SMALL(IF((ISNUMBER(SEARCH("فهد",البيانات!$AM$2:$AM$500))+ISNUMBER(SEARCH("KFCH",البيانات!$AM$2:$AM$500)))>0,ROW(البيانات!$AI$2:$AI$500)-ROW(البيانات!$AI$2)+1),11)),"")} | K17: =IF(OR(I17="",J17=""),"",IF(NETWORKDAYS.INTL(I17,J17,"0000011")-1<=2,"✅ ملتزم","❌ غير ملتزم")) | L17: {=IFERROR(INDEX(البيانات!$AJ$2:$AJ$500,SMALL(IF((ISNUMBER(SEARCH("فهد",البيانات!$AM$2:$AM$500))+ISNUMBER(SEARCH("KFCH",البيانات!$AM$2:$AM$500)))>0,ROW(البيانات!$AJ$2:$AJ$500)-ROW(البيانات!$AJ$2)+1),11)),"")}
A18: 12 | B18: {=IFERROR(INDEX(البيانات!$V$2:$V$500,SMALL(IF((ISNUMBER(SEARCH("فهد",البيانات!$AM$2:$AM$500))+ISNUMBER(SEARCH("KFCH",البيانات!$AM$2:$AM$500)))>0,ROW(البيانات!$V$2:$V$500)-ROW(البيانات!$V$2)+1),12)),"")} | C18: {=IFERROR(INDEX(البيانات!$U$2:$U$500,SMALL(IF((ISNUMBER(SEARCH("فهد",البيانات!$AM$2:$AM$500))+ISNUMBER(SEARCH("KFCH",البيانات!$AM$2:$AM$500)))>0,ROW(البيانات!$U$2:$U$500)-ROW(البيانات!$U$2)+1),12)),"")} | D18: {=IFERROR(INDEX(البيانات!$T$2:$T$500,SMALL(IF((ISNUMBER(SEARCH("فهد",البيانات!$AM$2:$AM$500))+ISNUMBER(SEARCH("KFCH",البيانات!$AM$2:$AM$500)))>0,ROW(البيانات!$T$2:$T$500)-ROW(البيانات!$T$2)+1),12)),"")} | E18: {=IFERROR(INDEX(البيانات!$F$2:$F$500,SMALL(IF((ISNUMBER(SEARCH("فهد",البيانات!$AM$2:$AM$500))+ISNUMBER(SEARCH("KFCH",البيانات!$AM$2:$AM$500)))>0,ROW(البيانات!$F$2:$F$500)-ROW(البيانات!$F$2)+1),12)),"")} | F18: {=IFERROR(INDEX(البيانات!$Y$2:$Y$500,SMALL(IF((ISNUMBER(SEARCH("فهد",البيانات!$AM$2:$AM$500))+ISNUMBER(SEARCH("KFCH",البيانات!$AM$2:$AM$500)))>0,ROW(البيانات!$Y$2:$Y$500)-ROW(البيانات!$Y$2)+1),12)),"")} | I18: {=IFERROR(INDEX(البيانات!$P$2:$P$500,SMALL(IF((ISNUMBER(SEARCH("فهد",البيانات!$AM$2:$AM$500))+ISNUMBER(SEARCH("KFCH",البيانات!$AM$2:$AM$500)))>0,ROW(البيانات!$P$2:$P$500)-ROW(البيانات!$P$2)+1),12)),"")} | J18: {=IFERROR(INDEX(البيانات!$AI$2:$AI$500,SMALL(IF((ISNUMBER(SEARCH("فهد",البيانات!$AM$2:$AM$500))+ISNUMBER(SEARCH("KFCH",البيانات!$AM$2:$AM$500)))>0,ROW(البيانات!$AI$2:$AI$500)-ROW(البيانات!$AI$2)+1),12)),"")} | K18: =IF(OR(I18="",J18=""),"",IF(NETWORKDAYS.INTL(I18,J18,"0000011")-1<=2,"✅ ملتزم","❌ غير ملتزم")) | L18: {=IFERROR(INDEX(البيانات!$AJ$2:$AJ$500,SMALL(IF((ISNUMBER(SEARCH("فهد",البيانات!$AM$2:$AM$500))+ISNUMBER(SEARCH("KFCH",البيانات!$AM$2:$AM$500)))>0,ROW(البيانات!$AJ$2:$AJ$500)-ROW(البيانات!$AJ$2)+1),12)),"")}
A19: 13 | B19: {=IFERROR(INDEX(البيانات!$V$2:$V$500,SMALL(IF((ISNUMBER(SEARCH("فهد",البيانات!$AM$2:$AM$500))+ISNUMBER(SEARCH("KFCH",البيانات!$AM$2:$AM$500)))>0,ROW(البيانات!$V$2:$V$500)-ROW(البيانات!$V$2)+1),13)),"")} | C19: {=IFERROR(INDEX(البيانات!$U$2:$U$500,SMALL(IF((ISNUMBER(SEARCH("فهد",البيانات!$AM$2:$AM$500))+ISNUMBER(SEARCH("KFCH",البيانات!$AM$2:$AM$500)))>0,ROW(البيانات!$U$2:$U$500)-ROW(البيانات!$U$2)+1),13)),"")} | D19: {=IFERROR(INDEX(البيانات!$T$2:$T$500,SMALL(IF((ISNUMBER(SEARCH("فهد",البيانات!$AM$2:$AM$500))+ISNUMBER(SEARCH("KFCH",البيانات!$AM$2:$AM$500)))>0,ROW(البيانات!$T$2:$T$500)-ROW(البيانات!$T$2)+1),13)),"")} | E19: {=IFERROR(INDEX(البيانات!$F$2:$F$500,SMALL(IF((ISNUMBER(SEARCH("فهد",البيانات!$AM$2:$AM$500))+ISNUMBER(SEARCH("KFCH",البيانات!$AM$2:$AM$500)))>0,ROW(البيانات!$F$2:$F$500)-ROW(البيانات!$F$2)+1),13)),"")} | F19: {=IFERROR(INDEX(البيانات!$Y$2:$Y$500,SMALL(IF((ISNUMBER(SEARCH("فهد",البيانات!$AM$2:$AM$500))+ISNUMBER(SEARCH("KFCH",البيانات!$AM$2:$AM$500)))>0,ROW(البيانات!$Y$2:$Y$500)-ROW(البيانات!$Y$2)+1),13)),"")} | I19: {=IFERROR(INDEX(البيانات!$P$2:$P$500,SMALL(IF((ISNUMBER(SEARCH("فهد",البيانات!$AM$2:$AM$500))+ISNUMBER(SEARCH("KFCH",البيانات!$AM$2:$AM$500)))>0,ROW(البيانات!$P$2:$P$500)-ROW(البيانات!$P$2)+1),13)),"")} | J19: {=IFERROR(INDEX(البيانات!$AI$2:$AI$500,SMALL(IF((ISNUMBER(SEARCH("فهد",البيانات!$AM$2:$AM$500))+ISNUMBER(SEARCH("KFCH",البيانات!$AM$2:$AM$500)))>0,ROW(البيانات!$AI$2:$AI$500)-ROW(البيانات!$AI$2)+1),13)),"")} | K19: =IF(OR(I19="",J19=""),"",IF(NETWORKDAYS.INTL(I19,J19,"0000011")-1<=2,"✅ ملتزم","❌ غير ملتزم")) | L19: {=IFERROR(INDEX(البيانات!$AJ$2:$AJ$500,SMALL(IF((ISNUMBER(SEARCH("فهد",البيانات!$AM$2:$AM$500))+ISNUMBER(SEARCH("KFCH",البيانات!$AM$2:$AM$500)))>0,ROW(البيانات!$AJ$2:$AJ$500)-ROW(البيانات!$AJ$2)+1),13)),"")}
A20: 14 | B20: {=IFERROR(INDEX(البيانات!$V$2:$V$500,SMALL(IF((ISNUMBER(SEARCH("فهد",البيانات!$AM$2:$AM$500))+ISNUMBER(SEARCH("KFCH",البيانات!$AM$2:$AM$500)))>0,ROW(البيانات!$V$2:$V$500)-ROW(البيانات!$V$2)+1),14)),"")} | C20: {=IFERROR(INDEX(البيانات!$U$2:$U$500,SMALL(IF((ISNUMBER(SEARCH("فهد",البيانات!$AM$2:$AM$500))+ISNUMBER(SEARCH("KFCH",البيانات!$AM$2:$AM$500)))>0,ROW(البيانات!$U$2:$U$500)-ROW(البيانات!$U$2)+1),14)),"")} | D20: {=IFERROR(INDEX(البيانات!$T$2:$T$500,SMALL(IF((ISNUMBER(SEARCH("فهد",البيانات!$AM$2:$AM$500))+ISNUMBER(SEARCH("KFCH",البيانات!$AM$2:$AM$500)))>0,ROW(البيانات!$T$2:$T$500)-ROW(البيانات!$T$2)+1),14)),"")} | E20: {=IFERROR(INDEX(البيانات!$F$2:$F$500,SMALL(IF((ISNUMBER(SEARCH("فهد",البيانات!$AM$2:$AM$500))+ISNUMBER(SEARCH("KFCH",البيانات!$AM$2:$AM$500)))>0,ROW(البيانات!$F$2:$F$500)-ROW(البيانات!$F$2)+1),14)),"")} | F20: {=IFERROR(INDEX(البيانات!$Y$2:$Y$500,SMALL(IF((ISNUMBER(SEARCH("فهد",البيانات!$AM$2:$AM$500))+ISNUMBER(SEARCH("KFCH",البيانات!$AM$2:$AM$500)))>0,ROW(البيانات!$Y$2:$Y$500)-ROW(البيانات!$Y$2)+1),14)),"")} | I20: {=IFERROR(INDEX(البيانات!$P$2:$P$500,SMALL(IF((ISNUMBER(SEARCH("فهد",البيانات!$AM$2:$AM$500))+ISNUMBER(SEARCH("KFCH",البيانات!$AM$2:$AM$500)))>0,ROW(البيانات!$P$2:$P$500)-ROW(البيانات!$P$2)+1),14)),"")} | J20: {=IFERROR(INDEX(البيانات!$AI$2:$AI$500,SMALL(IF((ISNUMBER(SEARCH("فهد",البيانات!$AM$2:$AM$500))+ISNUMBER(SEARCH("KFCH",البيانات!$AM$2:$AM$500)))>0,ROW(البيانات!$AI$2:$AI$500)-ROW(البيانات!$AI$2)+1),14)),"")} | K20: =IF(OR(I20="",J20=""),"",IF(NETWORKDAYS.INTL(I20,J20,"0000011")-1<=2,"✅ ملتزم","❌ غير ملتزم")) | L20: {=IFERROR(INDEX(البيانات!$AJ$2:$AJ$500,SMALL(IF((ISNUMBER(SEARCH("فهد",البيانات!$AM$2:$AM$500))+ISNUMBER(SEARCH("KFCH",البيانات!$AM$2:$AM$500)))>0,ROW(البيانات!$AJ$2:$AJ$500)-ROW(البيانات!$AJ$2)+1),14)),"")}
A21: 15 | B21: {=IFERROR(INDEX(البيانات!$V$2:$V$500,SMALL(IF((ISNUMBER(SEARCH("فهد",البيانات!$AM$2:$AM$500))+ISNUMBER(SEARCH("KFCH",البيانات!$AM$2:$AM$500)))>0,ROW(البيانات!$V$2:$V$500)-ROW(البيانات!$V$2)+1),15)),"")} | C21: {=IFERROR(INDEX(البيانات!$U$2:$U$500,SMALL(IF((ISNUMBER(SEARCH("فهد",البيانات!$AM$2:$AM$500))+ISNUMBER(SEARCH("KFCH",البيانات!$AM$2:$AM$500)))>0,ROW(البيانات!$U$2:$U$500)-ROW(البيانات!$U$2)+1),15)),"")} | D21: {=IFERROR(INDEX(البيانات!$T$2:$T$500,SMALL(IF((ISNUMBER(SEARCH("فهد",البيانات!$AM$2:$AM$500))+ISNUMBER(SEARCH("KFCH",البيانات!$AM$2:$AM$500)))>0,ROW(البيانات!$T$2:$T$500)-ROW(البيانات!$T$2)+1),15)),"")} | E21: {=IFERROR(INDEX(البيانات!$F$2:$F$500,SMALL(IF((ISNUMBER(SEARCH("فهد",البيانات!$AM$2:$AM$500))+ISNUMBER(SEARCH("KFCH",البيانات!$AM$2:$AM$500)))>0,ROW(البيانات!$F$2:$F$500)-ROW(البيانات!$F$2)+1),15)),"")} | F21: {=IFERROR(INDEX(البيانات!$Y$2:$Y$500,SMALL(IF((ISNUMBER(SEARCH("فهد",البيانات!$AM$2:$AM$500))+ISNUMBER(SEARCH("KFCH",البيانات!$AM$2:$AM$500)))>0,ROW(البيانات!$Y$2:$Y$500)-ROW(البيانات!$Y$2)+1),15)),"")} | I21: {=IFERROR(INDEX(البيانات!$P$2:$P$500,SMALL(IF((ISNUMBER(SEARCH("فهد",البيانات!$AM$2:$AM$500))+ISNUMBER(SEARCH("KFCH",البيانات!$AM$2:$AM$500)))>0,ROW(البيانات!$P$2:$P$500)-ROW(البيانات!$P$2)+1),15)),"")} | J21: {=IFERROR(INDEX(البيانات!$AI$2:$AI$500,SMALL(IF((ISNUMBER(SEARCH("فهد",البيانات!$AM$2:$AM$500))+ISNUMBER(SEARCH("KFCH",البيانات!$AM$2:$AM$500)))>0,ROW(البيانات!$AI$2:$AI$500)-ROW(البيانات!$AI$2)+1),15)),"")} | K21: =IF(OR(I21="",J21=""),"",IF(NETWORKDAYS.INTL(I21,J21,"0000011")-1<=2,"✅ ملتزم","❌ غير ملتزم")) | L21: {=IFERROR(INDEX(البيانات!$AJ$2:$AJ$500,SMALL(IF((ISNUMBER(SEARCH("فهد",البيانات!$AM$2:$AM$500))+ISNUMBER(SEARCH("KFCH",البيانات!$AM$2:$AM$500)))>0,ROW(البيانات!$AJ$2:$AJ$500)-ROW(البيانات!$AJ$2)+1),15)),"")}
A22: 16 | B22: {=IFERROR(INDEX(البيانات!$V$2:$V$500,SMALL(IF((ISNUMBER(SEARCH("فهد",البيانات!$AM$2:$AM$500))+ISNUMBER(SEARCH("KFCH",البيانات!$AM$2:$AM$500)))>0,ROW(البيانات!$V$2:$V$500)-ROW(البيانات!$V$2)+1),16)),"")} | C22: {=IFERROR(INDEX(البيانات!$U$2:$U$500,SMALL(IF((ISNUMBER(SEARCH("فهد",البيانات!$AM$2:$AM$500))+ISNUMBER(SEARCH("KFCH",البيانات!$AM$2:$AM$500)))>0,ROW(البيانات!$U$2:$U$500)-ROW(البيانات!$U$2)+1),16)),"")} | D22: {=IFERROR(INDEX(البيانات!$T$2:$T$500,SMALL(IF((ISNUMBER(SEARCH("فهد",البيانات!$AM$2:$AM$500))+ISNUMBER(SEARCH("KFCH",البيانات!$AM$2:$AM$500)))>0,ROW(البيانات!$T$2:$T$500)-ROW(البيانات!$T$2)+1),16)),"")} | E22: {=IFERROR(INDEX(البيانات!$F$2:$F$500,SMALL(IF((ISNUMBER(SEARCH("فهد",البيانات!$AM$2:$AM$500))+ISNUMBER(SEARCH("KFCH",البيانات!$AM$2:$AM$500)))>0,ROW(البيانات!$F$2:$F$500)-ROW(البيانات!$F$2)+1),16)),"")} | F22: {=IFERROR(INDEX(البيانات!$Y$2:$Y$500,SMALL(IF((ISNUMBER(SEARCH("فهد",البيانات!$AM$2:$AM$500))+ISNUMBER(SEARCH("KFCH",البيانات!$AM$2:$AM$500)))>0,ROW(البيانات!$Y$2:$Y$500)-ROW(البيانات!$Y$2)+1),16)),"")} | I22: {=IFERROR(INDEX(البيانات!$P$2:$P$500,SMALL(IF((ISNUMBER(SEARCH("فهد",البيانات!$AM$2:$AM$500))+ISNUMBER(SEARCH("KFCH",البيانات!$AM$2:$AM$500)))>0,ROW(البيانات!$P$2:$P$500)-ROW(البيانات!$P$2)+1),16)),"")} | J22: {=IFERROR(INDEX(البيانات!$AI$2:$AI$500,SMALL(IF((ISNUMBER(SEARCH("فهد",البيانات!$AM$2:$AM$500))+ISNUMBER(SEARCH("KFCH",البيانات!$AM$2:$AM$500)))>0,ROW(البيانات!$AI$2:$AI$500)-ROW(البيانات!$AI$2)+1),16)),"")} | K22: =IF(OR(I22="",J22=""),"",IF(NETWORKDAYS.INTL(I22,J22,"0000011")-1<=2,"✅ ملتزم","❌ غير ملتزم")) | L22: {=IFERROR(INDEX(البيانات!$AJ$2:$AJ$500,SMALL(IF((ISNUMBER(SEARCH("فهد",البيانات!$AM$2:$AM$500))+ISNUMBER(SEARCH("KFCH",البيانات!$AM$2:$AM$500)))>0,ROW(البيانات!$AJ$2:$AJ$500)-ROW(البيانات!$AJ$2)+1),16)),"")}
A23: 17 | B23: {=IFERROR(INDEX(البيانات!$V$2:$V$500,SMALL(IF((ISNUMBER(SEARCH("فهد",البيانات!$AM$2:$AM$500))+ISNUMBER(SEARCH("KFCH",البيانات!$AM$2:$AM$500)))>0,ROW(البيانات!$V$2:$V$500)-ROW(البيانات!$V$2)+1),17)),"")} | C23: {=IFERROR(INDEX(البيانات!$U$2:$U$500,SMALL(IF((ISNUMBER(SEARCH("فهد",البيانات!$AM$2:$AM$500))+ISNUMBER(SEARCH("KFCH",البيانات!$AM$2:$AM$500)))>0,ROW(البيانات!$U$2:$U$500)-ROW(البيانات!$U$2)+1),17)),"")} | D23: {=IFERROR(INDEX(البيانات!$T$2:$T$500,SMALL(IF((ISNUMBER(SEARCH("فهد",البيانات!$AM$2:$AM$500))+ISNUMBER(SEARCH("KFCH",البيانات!$AM$2:$AM$500)))>0,ROW(البيانات!$T$2:$T$500)-ROW(البيانات!$T$2)+1),17)),"")} | E23: {=IFERROR(INDEX(البيانات!$F$2:$F$500,SMALL(IF((ISNUMBER(SEARCH("فهد",البيانات!$AM$2:$AM$500))+ISNUMBER(SEARCH("KFCH",البيانات!$AM$2:$AM$500)))>0,ROW(البيانات!$F$2:$F$500)-ROW(البيانات!$F$2)+1),17)),"")} | F23: {=IFERROR(INDEX(البيانات!$Y$2:$Y$500,SMALL(IF((ISNUMBER(SEARCH("فهد",البيانات!$AM$2:$AM$500))+ISNUMBER(SEARCH("KFCH",البيانات!$AM$2:$AM$500)))>0,ROW(البيانات!$Y$2:$Y$500)-ROW(البيانات!$Y$2)+1),17)),"")} | I23: {=IFERROR(INDEX(البيانات!$P$2:$P$500,SMALL(IF((ISNUMBER(SEARCH("فهد",البيانات!$AM$2:$AM$500))+ISNUMBER(SEARCH("KFCH",البيانات!$AM$2:$AM$500)))>0,ROW(البيانات!$P$2:$P$500)-ROW(البيانات!$P$2)+1),17)),"")} | J23: {=IFERROR(INDEX(البيانات!$AI$2:$AI$500,SMALL(IF((ISNUMBER(SEARCH("فهد",البيانات!$AM$2:$AM$500))+ISNUMBER(SEARCH("KFCH",البيانات!$AM$2:$AM$500)))>0,ROW(البيانات!$AI$2:$AI$500)-ROW(البيانات!$AI$2)+1),17)),"")} | K23: =IF(OR(I23="",J23=""),"",IF(NETWORKDAYS.INTL(I23,J23,"0000011")-1<=2,"✅ ملتزم","❌ غير ملتزم")) | L23: {=IFERROR(INDEX(البيانات!$AJ$2:$AJ$500,SMALL(IF((ISNUMBER(SEARCH("فهد",البيانات!$AM$2:$AM$500))+ISNUMBER(SEARCH("KFCH",البيانات!$AM$2:$AM$500)))>0,ROW(البيانات!$AJ$2:$AJ$500)-ROW(البيانات!$AJ$2)+1),17)),"")}
A24: 18 | B24: {=IFERROR(INDEX(البيانات!$V$2:$V$500,SMALL(IF((ISNUMBER(SEARCH("فهد",البيانات!$AM$2:$AM$500))+ISNUMBER(SEARCH("KFCH",البيانات!$AM$2:$AM$500)))>0,ROW(البيانات!$V$2:$V$500)-ROW(البيانات!$V$2)+1),18)),"")} | C24: {=IFERROR(INDEX(البيانات!$U$2:$U$500,SMALL(IF((ISNUMBER(SEARCH("فهد",البيانات!$AM$2:$AM$500))+ISNUMBER(SEARCH("KFCH",البيانات!$AM$2:$AM$500)))>0,ROW(البيانات!$U$2:$U$500)-ROW(البيانات!$U$2)+1),18)),"")} | D24: {=IFERROR(INDEX(البيانات!$T$2:$T$500,SMALL(IF((ISNUMBER(SEARCH("فهد",البيانات!$AM$2:$AM$500))+ISNUMBER(SEARCH("KFCH",البيانات!$AM$2:$AM$500)))>0,ROW(البيانات!$T$2:$T$500)-ROW(البيانات!$T$2)+1),18)),"")} | E24: {=IFERROR(INDEX(البيانات!$F$2:$F$500,SMALL(IF((ISNUMBER(SEARCH("فهد",البيانات!$AM$2:$AM$500))+ISNUMBER(SEARCH("KFCH",البيانات!$AM$2:$AM$500)))>0,ROW(البيانات!$F$2:$F$500)-ROW(البيانات!$F$2)+1),18)),"")} | F24: {=IFERROR(INDEX(البيانات!$Y$2:$Y$500,SMALL(IF((ISNUMBER(SEARCH("فهد",البيانات!$AM$2:$AM$500))+ISNUMBER(SEARCH("KFCH",البيانات!$AM$2:$AM$500)))>0,ROW(البيانات!$Y$2:$Y$500)-ROW(البيانات!$Y$2)+1),18)),"")} | I24: {=IFERROR(INDEX(البيانات!$P$2:$P$500,SMALL(IF((ISNUMBER(SEARCH("فهد",البيانات!$AM$2:$AM$500))+ISNUMBER(SEARCH("KFCH",البيانات!$AM$2:$AM$500)))>0,ROW(البيانات!$P$2:$P$500)-ROW(البيانات!$P$2)+1),18)),"")} | J24: {=IFERROR(INDEX(البيانات!$AI$2:$AI$500,SMALL(IF((ISNUMBER(SEARCH("فهد",البيانات!$AM$2:$AM$500))+ISNUMBER(SEARCH("KFCH",البيانات!$AM$2:$AM$500)))>0,ROW(البيانات!$AI$2:$AI$500)-ROW(البيانات!$AI$2)+1),18)),"")} | K24: =IF(OR(I24="",J24=""),"",IF(NETWORKDAYS.INTL(I24,J24,"0000011")-1<=2,"✅ ملتزم","❌ غير ملتزم")) | L24: {=IFERROR(INDEX(البيانات!$AJ$2:$AJ$500,SMALL(IF((ISNUMBER(SEARCH("فهد",البيانات!$AM$2:$AM$500))+ISNUMBER(SEARCH("KFCH",البيانات!$AM$2:$AM$500)))>0,ROW(البيانات!$AJ$2:$AJ$500)-ROW(البيانات!$AJ$2)+1),18)),"")}
A25: 19 | B25: {=IFERROR(INDEX(البيانات!$V$2:$V$500,SMALL(IF((ISNUMBER(SEARCH("فهد",البيانات!$AM$2:$AM$500))+ISNUMBER(SEARCH("KFCH",البيانات!$AM$2:$AM$500)))>0,ROW(البيانات!$V$2:$V$500)-ROW(البيانات!$V$2)+1),19)),"")} | C25: {=IFERROR(INDEX(البيانات!$U$2:$U$500,SMALL(IF((ISNUMBER(SEARCH("فهد",البيانات!$AM$2:$AM$500))+ISNUMBER(SEARCH("KFCH",البيانات!$AM$2:$AM$500)))>0,ROW(البيانات!$U$2:$U$500)-ROW(البيانات!$U$2)+1),19)),"")} | D25: {=IFERROR(INDEX(البيانات!$T$2:$T$500,SMALL(IF((ISNUMBER(SEARCH("فهد",البيانات!$AM$2:$AM$500))+ISNUMBER(SEARCH("KFCH",البيانات!$AM$2:$AM$500)))>0,ROW(البيانات!$T$2:$T$500)-ROW(البيانات!$T$2)+1),19)),"")} | E25: {=IFERROR(INDEX(البيانات!$F$2:$F$500,SMALL(IF((ISNUMBER(SEARCH("فهد",البيانات!$AM$2:$AM$500))+ISNUMBER(SEARCH("KFCH",البيانات!$AM$2:$AM$500)))>0,ROW(البيانات!$F$2:$F$500)-ROW(البيانات!$F$2)+1),19)),"")} | F25: {=IFERROR(INDEX(البيانات!$Y$2:$Y$500,SMALL(IF((ISNUMBER(SEARCH("فهد",البيانات!$AM$2:$AM$500))+ISNUMBER(SEARCH("KFCH",البيانات!$AM$2:$AM$500)))>0,ROW(البيانات!$Y$2:$Y$500)-ROW(البيانات!$Y$2)+1),19)),"")} | I25: {=IFERROR(INDEX(البيانات!$P$2:$P$500,SMALL(IF((ISNUMBER(SEARCH("فهد",البيانات!$AM$2:$AM$500))+ISNUMBER(SEARCH("KFCH",البيانات!$AM$2:$AM$500)))>0,ROW(البيانات!$P$2:$P$500)-ROW(البيانات!$P$2)+1),19)),"")} | J25: {=IFERROR(INDEX(البيانات!$AI$2:$AI$500,SMALL(IF((ISNUMBER(SEARCH("فهد",البيانات!$AM$2:$AM$500))+ISNUMBER(SEARCH("KFCH",البيانات!$AM$2:$AM$500)))>0,ROW(البيانات!$AI$2:$AI$500)-ROW(البيانات!$AI$2)+1),19)),"")} | K25: =IF(OR(I25="",J25=""),"",IF(NETWORKDAYS.INTL(I25,J25,"0000011")-1<=2,"✅ ملتزم","❌ غير ملتزم")) | L25: {=IFERROR(INDEX(البيانات!$AJ$2:$AJ$500,SMALL(IF((ISNUMBER(SEARCH("فهد",البيانات!$AM$2:$AM$500))+ISNUMBER(SEARCH("KFCH",البيانات!$AM$2:$AM$500)))>0,ROW(البيانات!$AJ$2:$AJ$500)-ROW(البيانات!$AJ$2)+1),19)),"")}
A26: 20 | B26: {=IFERROR(INDEX(البيانات!$V$2:$V$500,SMALL(IF((ISNUMBER(SEARCH("فهد",البيانات!$AM$2:$AM$500))+ISNUMBER(SEARCH("KFCH",البيانات!$AM$2:$AM$500)))>0,ROW(البيانات!$V$2:$V$500)-ROW(البيانات!$V$2)+1),20)),"")} | C26: {=IFERROR(INDEX(البيانات!$U$2:$U$500,SMALL(IF((ISNUMBER(SEARCH("فهد",البيانات!$AM$2:$AM$500))+ISNUMBER(SEARCH("KFCH",البيانات!$AM$2:$AM$500)))>0,ROW(البيانات!$U$2:$U$500)-ROW(البيانات!$U$2)+1),20)),"")} | D26: {=IFERROR(INDEX(البيانات!$T$2:$T$500,SMALL(IF((ISNUMBER(SEARCH("فهد",البيانات!$AM$2:$AM$500))+ISNUMBER(SEARCH("KFCH",البيانات!$AM$2:$AM$500)))>0,ROW(البيانات!$T$2:$T$500)-ROW(البيانات!$T$2)+1),20)),"")} | E26: {=IFERROR(INDEX(البيانات!$F$2:$F$500,SMALL(IF((ISNUMBER(SEARCH("فهد",البيانات!$AM$2:$AM$500))+ISNUMBER(SEARCH("KFCH",البيانات!$AM$2:$AM$500)))>0,ROW(البيانات!$F$2:$F$500)-ROW(البيانات!$F$2)+1),20)),"")} | F26: {=IFERROR(INDEX(البيانات!$Y$2:$Y$500,SMALL(IF((ISNUMBER(SEARCH("فهد",البيانات!$AM$2:$AM$500))+ISNUMBER(SEARCH("KFCH",البيانات!$AM$2:$AM$500)))>0,ROW(البيانات!$Y$2:$Y$500)-ROW(البيانات!$Y$2)+1),20)),"")} | I26: {=IFERROR(INDEX(البيانات!$P$2:$P$500,SMALL(IF((ISNUMBER(SEARCH("فهد",البيانات!$AM$2:$AM$500))+ISNUMBER(SEARCH("KFCH",البيانات!$AM$2:$AM$500)))>0,ROW(البيانات!$P$2:$P$500)-ROW(البيانات!$P$2)+1),20)),"")} | J26: {=IFERROR(INDEX(البيانات!$AI$2:$AI$500,SMALL(IF((ISNUMBER(SEARCH("فهد",البيانات!$AM$2:$AM$500))+ISNUMBER(SEARCH("KFCH",البيانات!$AM$2:$AM$500)))>0,ROW(البيانات!$AI$2:$AI$500)-ROW(البيانات!$AI$2)+1),20)),"")} | K26: =IF(OR(I26="",J26=""),"",IF(NETWORKDAYS.INTL(I26,J26,"0000011")-1<=2,"✅ ملتزم","❌ غير ملتزم")) | L26: {=IFERROR(INDEX(البيانات!$AJ$2:$AJ$500,SMALL(IF((ISNUMBER(SEARCH("فهد",البيانات!$AM$2:$AM$500))+ISNUMBER(SEARCH("KFCH",البيانات!$AM$2:$AM$500)))>0,ROW(البيانات!$AJ$2:$AJ$500)-ROW(البيانات!$AJ$2)+1),20)),"")}
A28: 📊 الإحصائيات
A29: إجمالي الإحالات: | B29: {=SUMPRODUCT((ISNUMBER(SEARCH("فهد",البيانات!$AM$2:$AM$500))+ISNUMBER(SEARCH("KFCH",البيانات!$AM$2:$AM$500)))>0)*1} -> 0
A30: ✅ ملتزم: | B30: =COUNTIF(K7:K26,"✅ ملتزم") -> 1
A31: ❌ غير ملتزم: | B31: =COUNTIF(K7:K26,"❌ غير ملتزم") -> 0

Sheet إحالات_صبيا
A1: 🏥 مستشفى صبيا العام - قائمة الإحالات
A2: عدد الحالات المحالة: | B2: =COUNTIF(البيانات!$AS:$AS,"*صبيا*") -> 38
A3: # | B3: السجل المدني | C3: اسم المريضة | D3: العمر | E3: القطاع | F3: رقم الجوال | G3: مستوى الخطر | H3: توصية الإحالة | I3: تاريخ الزيارة | J3: تاريخ الموعد | K3: الالتزام | L3: افادة الحضور | M3: تصنيف المنسق | N3: ملاحظات المنسق
A4: {=IFERROR(SMALL(IF(البيانات!$AS$2:$AS$265="مستشفى صبيا العام",البيانات!$AT$2:$AT$265),1),"")} -> 5 | B4: {=IF(A4="","",INDEX(البيانات!$V$2:$V$265,A4))} -> 1096356959 | C4: {=IF(A4="","",INDEX(البيانات!$U$2:$U$265,A4))} -> علا الله حسن محمد الليل | D4: {=IF(A4="","",INDEX(البيانات!$T$2:$T$265,A4))} -> 46 | E4: {=IF(A4="","",INDEX(البيانات!$F$2:$F$265,A4))} -> القطاع الغربي | F4: {=IF(A4="","",INDEX(البيانات!$Y$2:$Y$265,A4))} -> 0556826709 | I4: {=IF(A4="","",INDEX(البيانات!$P$2:$P$265,A4))} -> 46079 | J4: {=IF(A4="","",INDEX(البيانات!$AI$2:$AI$265,A4))} -> 5/3/2026 | K4: =IF(OR(A4="",J4="",I4=""),"",IF(NETWORKDAYS.INTL(I4,J4,"0000011")-1<=2,"✅ ملتزم","❌ غير ملتزم")) -> ❌ غير ملتزم | L4: {=IF(A4="","",INDEX(البيانات!$AJ$2:$AJ$265,A4))} -> تم الحظور
A5: {=IFERROR(SMALL(IF(البيانات!$AS$2:$AS$265="مستشفى صبيا العام",البيانات!$AT$2:$AT$265),2),"")} -> 15 | B5: {=IF(A5="","",INDEX(البيانات!$V$2:$V$265,A5))} -> 1120110281 | C5: {=IF(A5="","",INDEX(البيانات!$U$2:$U$265,A5))} -> SAHAR AHMED BIN MOHAMMED HAKAMI | D5: {=IF(A5="","",INDEX(البيانات!$T$2:$T$265,A5))} -> 24 | E5: {=IF(A5="","",INDEX(البيانات!$F$2:$F$265,A5))} -> القطاع الغربي | F5: {=IF(A5="","",INDEX(البيانات!$Y$2:$Y$265,A5))} -> 0508985743 | I5: {=IF(A5="","",INDEX(البيانات!$P$2:$P$265,A5))} -> 46089 | J5: {=IF(A5="","",INDEX(البيانات!$AI$2:$AI$265,A5))} -> 12/3/2026 | K5: =IF(OR(A5="",J5="",I5=""),"",IF(NETWORKDAYS.INTL(I5,J5,"0000011")-1<=2,"✅ ملتزم","❌ غير ملتزم")) -> ❌ غير ملتزم | L5: {=IF(A5="","",INDEX(البيانات!$AJ$2:$AJ$265,A5))} -> تم الحظور
A6: {=IFERROR(SMALL(IF(البيانات!$AS$2:$AS$265="مستشفى صبيا العام",البيانات!$AT$2:$AT$265),3),"")} -> 16 | B6: {=IF(A6="","",INDEX(البيانات!$V$2:$V$265,A6))} -> 1115266551 | C6: {=IF(A6="","",INDEX(البيانات!$U$2:$U$265,A6))} -> Rayhanah Hassan Yahya | D6: {=IF(A6="","",INDEX(البيانات!$T$2:$T$265,A6))} -> 24 | E6: {=IF(A6="","",INDEX(البيانات!$F$2:$F$265,A6))} -> القطاع الغربي | F6: {=IF(A6="","",INDEX(البيانات!$Y$2:$Y$265,A6))} -> 554195384 | I6: {=IF(A6="","",INDEX(البيانات!$P$2:$P$265,A6))} -> 46089 | J6: 46103 | K6: =IF(OR(A6="",J6="",I6=""),"",IF(NETWORKDAYS.INTL(I6,J6,"0000011")-1<=2,"✅ ملتزم","❌ غير ملتزم")) -> ❌ غير ملتزم | L6: {=IF(A6="","",INDEX(البيانات!$AJ$2:$AJ$265,A6))} -> تم الحظور
A7: {=IFERROR(SMALL(IF(البيانات!$AS$2:$AS$265="مستشفى صبيا العام",البيانات!$AT$2:$AT$265),4),"")} -> 17 | B7: {=IF(A7="","",INDEX(البيانات!$V$2:$V$265,A7))} -> 1061102602 | C7: {=IF(A7="","",INDEX(البيانات!$U$2:$U$265,A7))} -> امنة سلمان مفرح غزواني | D7: {=IF(A7="","",INDEX(البيانات!$T$2:$T$265,A7))} -> 37 | E7: {=IF(A7="","",INDEX(البيانات!$F$2:$F$265,A7))} -> القطاع الجبلي | F7: {=IF(A7="","",INDEX(البيانات!$Y$2:$Y$265,A7))} -> 0594808888 | I7: {=IF(A7="","",INDEX(البيانات!$P$2:$P$265,A7))} -> 46089 | J7: {=IF(A7="","",INDEX(البيانات!$AI$2:$AI$265,A7))} -> 12/3/2026 | K7: =IF(OR(A7="",J7="",I7=""),"",IF(NETWORKDAYS.INTL(I7,J7,"0000011")-1<=2,"✅ ملتزم","❌ غير ملتزم")) -> ❌ غير ملتزم | L7: {=IF(A7="","",INDEX(البيانات!$AJ$2:$AJ$265,A7))} -> لم تحظر
A8: {=IFERROR(SMALL(IF(البيانات!$AS$2:$AS$265="مستشفى صبيا العام",البيانات!$AT$2:$AT$265),5),"")} -> 18 | B8: {=IF(A8="","",INDEX(البيانات!$V$2:$V$265,A8))} -> 1055011710 | C8: {=IF(A8="","",INDEX(البيانات!$U$2:$U$265,A8))} -> سعاد سلمان بكري | D8: {=IF(A8="","",INDEX(البيانات!$T$2:$T$265,A8))} -> 40 | E8: {=IF(A8="","",INDEX(البيانات!$F$2:$F$265,A8))} -> القطاع الغربي | F8: {=IF(A8="","",INDEX(البيانات!$Y$2:$Y$265,A8))} -> 0553346156 | I8: {=IF(A8="","",INDEX(البيانات!$P$2:$P$265,A8))} -> 46089 | J8: {=IF(A8="","",INDEX(البيانات!$AI$2:$AI$265,A8))} -> 12/3/2026 | K8: =IF(OR(A8="",J8="",I8=""),"",IF(NETWORKDAYS.INTL(I8,J8,"0000011")-1<=2,"✅ ملتزم","❌ غير ملتزم")) -> ❌ غير ملتزم | L8: {=IF(A8="","",INDEX(البيانات!$AJ$2:$AJ$265,A8))} -> تم الحظور
A9: {=IFERROR(SMALL(IF(البيانات!$AS$2:$AS$265="مستشفى صبيا العام",البيانات!$AT$2:$AT$265),6),"")} -> 28 | B9: {=IF(A9="","",INDEX(البيانات!$V$2:$V$265,A9))} -> 1117369478 | C9: {=IF(A9="","",INDEX(البيانات!$U$2:$U$265,A9))} -> YARA AMRO ALI ABUHOZAH | D9: {=IF(A9="","",INDEX(البيانات!$T$2:$T$265,A9))} -> 0 | E9: {=IF(A9="","",INDEX(البيانات!$F$2:$F$265,A9))} -> القطاع الغربي | F9: {=IF(A9="","",INDEX(البيانات!$Y$2:$Y$265,A9))} -> 568883343 | I9: {=IF(A9="","",INDEX(البيانات!$P$2:$P$265,A9))} -> 46091 | J9: {=IF(A9="","",INDEX(البيانات!$AI$2:$AI$265,A9))} -> 19/3/2026 | K9: =IF(OR(A9="",J9="",I9=""),"",IF(NETWORKDAYS.INTL(I9,J9,"0000011")-1<=2,"✅ ملتزم","❌ غير ملتزم")) -> ❌ غير ملتزم | L9: {=IF(A9="","",INDEX(البيانات!$AJ$2:$AJ$265,A9))} -> تم الحظور
A10: {=IFERROR(SMALL(IF(البيانات!$AS$2:$AS$265="مستشفى صبيا العام",البيانات!$AT$2:$AT$265),7),"")} -> 33 | B10: {=IF(A10="","",INDEX(البيانات!$V$2:$V$265,A10))} -> 1067750933 | C10: {=IF(A10="","",INDEX(البيانات!$U$2:$U$265,A10))} -> NADA DAWOOD GADI | D10: {=IF(A10="","",INDEX(البيانات!$T$2:$T$265,A10))} -> 0 | E10: {=IF(A10="","",INDEX(البيانات!$F$2:$F$265,A10))} -> القطاع الغربي | F10: {=IF(A10="","",INDEX(البيانات!$Y$2:$Y$265,A10))} -> 0541366345 | I10: {=IF(A10="","",INDEX(البيانات!$P$2:$P$265,A10))} -> 46091 | J10: {=IF(A10="","",INDEX(البيانات!$AI$2:$AI$265,A10))} -> 12/3/2026 | K10: =IF(OR(A10="",J10="",I10=""),"",IF(NETWORKDAYS.INTL(I10,J10,"0000011")-1<=2,"✅ ملتزم","❌ غير ملتزم")) -> ✅ ملتزم | L10: {=IF(A10="","",INDEX(البيانات!$AJ$2:$AJ$265,A10))} -> لم تحظر
A11: {=IFERROR(SMALL(IF(البيانات!$AS$2:$AS$265="مستشفى صبيا العام",البيانات!$AT$2:$AT$265),8),"")} -> 35 | B11: {=IF(A11="","",INDEX(البيانات!$V$2:$V$265,A11))} -> 1083139400 | C11: {=IF(A11="","",INDEX(البيانات!$U$2:$U$265,A11))} -> RAYHANAH SULAIMAN YAHYA SUHLULI | D11: {=IF(A11="","",INDEX(البيانات!$T$2:$T$265,A11))} -> 0 | E11: {=IF(A11="","",INDEX(البيانات!$F$2:$F$265,A11))} -> القطاع الغربي | F11: {=IF(A11="","",INDEX(البيانات!$Y$2:$Y$265,A11))} -> 0530772945 | I11: {=IF(A11="","",INDEX(البيانات!$P$2:$P$265,A11))} -> 46091 | J11: 46103 | K11: =IF(OR(A11="",J11="",I11=""),"",IF(NETWORKDAYS.INTL(I11,J11,"0000011")-1<=2,"✅ ملتزم","❌ غير ملتزم")) -> ❌ غير ملتزم | L11: {=IF(A11="","",INDEX(البيانات!$AJ$2:$AJ$265,A11))} -> تم الحظور
A12: {=IFERROR(SMALL(IF(البيانات!$AS$2:$AS$265="مستشفى صبيا العام",البيانات!$AT$2:$AT$265),9),"")} -> 38 | B12: {=IF(A12="","",INDEX(البيانات!$V$2:$V$265,A12))} -> 1088937386 | C12: {=IF(A12="","",INDEX(البيانات!$U$2:$U$265,A12))} -> JAMILAH YAHYA JABER SAHLOLI | D12: {=IF(A12="","",INDEX(البيانات!$T$2:$T$265,A12))} -> 0 | E12: {=IF(A12="","",INDEX(البيانات!$F$2:$F$265,A12))} -> القطاع الغربي | F12: {=IF(A12="","",INDEX(البيانات!$Y$2:$Y$265,A12))} -> 500162816 | I12: {=IF(A12="","",INDEX(البيانات!$P$2:$P$265,A12))} -> 46091 | J12: {=IF(A12="","",INDEX(البيانات!$AI$2:$AI$265,A12))} -> 19/3/2026 | K12: =IF(OR(A12="",J12="",I12=""),"",IF(NETWORKDAYS.INTL(I12,J12,"0000011")-1<=2,"✅ ملتزم","❌ غير ملتزم")) -> ❌ غير ملتزم | L12: {=IF(A12="","",INDEX(البيانات!$AJ$2:$AJ$265,A12))} -> تم الحظور
A13: {=IFERROR(SMALL(IF(البيانات!$AS$2:$AS$265="مستشفى صبيا العام",البيانات!$AT$2:$AT$265),11),"")} -> 48 | B13: {=IF(A13="","",INDEX(البيانات!$V$2:$V$265,A13))} -> 1100570876 | C13: {=IF(A13="","",INDEX(البيانات!$U$2:$U$265,A13))} -> SHARIFAH MOHAMMED YAHYA SUHLULI | D13: {=IF(A13="","",INDEX(البيانات!$T$2:$T$265,A13))} -> 0 | E13: {=IF(A13="","",INDEX(البيانات!$F$2:$F$265,A13))} -> القطاع الغربي | F13: {=IF(A13="","",INDEX(البيانات!$Y$2:$Y$265,A13))} -> 0544828609 | I13: {=IF(A13="","",INDEX(البيانات!$P$2:$P$265,A13))} -> 46093 | J13: {=IF(A13="","",INDEX(البيانات!$AI$2:$AI$265,A13))} -> 19/3/2026 | K13: =IF(OR(A13="",J13="",I13=""),"",IF(NETWORKDAYS.INTL(I13,J13,"0000011")-1<=2,"✅ ملتزم","❌ غير ملتزم")) -> ❌ غير ملتزم | L13: {=IF(A13="","",INDEX(البيانات!$AJ$2:$AJ$265,A13))} -> تم الحظور
A14: {=IFERROR(SMALL(IF(البيانات!$AS$2:$AS$265="مستشفى صبيا العام",البيانات!$AT$2:$AT$265),12),"")} -> 51 | B14: {=IF(A14="","",INDEX(البيانات!$V$2:$V$265,A14))} -> 1157296243 | C14: {=IF(A14="","",INDEX(البيانات!$U$2:$U$265,A14))} -> JAMILAH SULAIMAN MOHAMMED ABDULRAHMAN | D14: {=IF(A14="","",INDEX(البيانات!$T$2:$T$265,A14))} -> 0 | E14: {=IF(A14="","",INDEX(البيانات!$F$2:$F$265,A14))} -> القطاع الغربي | F14: {=IF(A14="","",INDEX(البيانات!$Y$2:$Y$265,A14))} -> 504689320 | I14: {=IF(A14="","",INDEX(البيانات!$P$2:$P$265,A14))} -> 46096 | J14: {=IF(A14="","",INDEX(البيانات!$AI$2:$AI$265,A14))} -> 19/3/2026 | K14: =IF(OR(A14="",J14="",I14=""),"",IF(NETWORKDAYS.INTL(I14,J14,"0000011")-1<=2,"✅ ملتزم","❌ غير ملتزم")) -> ❌ غير ملتزم | L14: {=IF(A14="","",INDEX(البيانات!$AJ$2:$AJ$265,A14))} -> لم تحظر
A15: {=IFERROR(SMALL(IF(البيانات!$AS$2:$AS$265="مستشفى صبيا العام",البيانات!$AT$2:$AT$265),13),"")} -> 53 | B15: {=IF(A15="","",INDEX(البيانات!$V$2:$V$265,A15))} -> 1130070657 | C15: {=IF(A15="","",INDEX(البيانات!$U$2:$U$265,A15))} -> منال مفرح يحي | D15: {=IF(A15="","",INDEX(البيانات!$T$2:$T$265,A15))} -> 0 | E15: {=IF(A15="","",INDEX(البيانات!$F$2:$F$265,A15))} -> القطاع الجبلي | F15: {=IF(A15="","",INDEX(البيانات!$Y$2:$Y$265,A15))} -> 0550781908 | I15: {=IF(A15="","",INDEX(البيانات!$P$2:$P$265,A15))} -> 46096 | J15: {=IF(A15="","",INDEX(البيانات!$AI$2:$AI$265,A15))} -> 19/3/2026 | K15: =IF(OR(A15="",J15="",I15=""),"",IF(NETWORKDAYS.INTL(I15,J15,"0000011")-1<=2,"✅ ملتزم","❌ غير ملتزم")) -> ❌ غير ملتزم | L15: {=IF(A15="","",INDEX(البيانات!$AJ$2:$AJ$265,A15))} -> المريضه الغت الموعد
A16: {=IFERROR(SMALL(IF(البيانات!$AS$2:$AS$265="مستشفى صبيا العام",البيانات!$AT$2:$AT$265),14),"")} -> 59 | B16: {=IF(A16="","",INDEX(البيانات!$V$2:$V$265,A16))} -> 1086822606 | C16: {=IF(A16="","",INDEX(البيانات!$U$2:$U$265,A16))} -> SALIHAH HADI MOHAMMED SUHLULI | D16: {=IF(A16="","",INDEX(البيانات!$T$2:$T$265,A16))} -> 0 | E16: {=IF(A16="","",INDEX(البيانات!$F$2:$F$265,A16))} -> القطاع الغربي | F16: {=IF(A16="","",INDEX(البيانات!$Y$2:$Y$265,A16))} -> 533466343 | I16: {=IF(A16="","",INDEX(البيانات!$P$2:$P$265,A16))} -> 46098 | J16: {=IF(A16="","",INDEX(البيانات!$AI$2:$AI$265,A16))} -> 26/3/2026 | K16: =IF(OR(A16="",J16="",I16=""),"",IF(NETWORKDAYS.INTL(I16,J16,"0000011")-1<=2,"✅ ملتزم","❌ غير ملتزم")) -> ❌ غير ملتزم | L16: {=IF(A16="","",INDEX(البيانات!$AJ$2:$AJ$265,A16))} -> تم الحضور
A17: {=IFERROR(SMALL(IF(البيانات!$AS$2:$AS$265="مستشفى صبيا العام",البيانات!$AT$2:$AT$265),15),"")} -> 62 | B17: {=IF(A17="","",INDEX(البيانات!$V$2:$V$265,A17))} -> 1077475919 | C17: {=IF(A17="","",INDEX(البيانات!$U$2:$U$265,A17))} -> ABEER HUSSAIN MOFAREH QARRADI | D17: {=IF(A17="","",INDEX(البيانات!$T$2:$T$265,A17))} -> 0 | E17: {=IF(A17="","",INDEX(البيانات!$F$2:$F$265,A17))} -> القطاع الغربي | F17: {=IF(A17="","",INDEX(البيانات!$Y$2:$Y$265,A17))} -> 0536330728 | I17: {=IF(A17="","",INDEX(البيانات!$P$2:$P$265,A17))} -> 46098 | J17: 46103 | K17: =IF(OR(A17="",J17="",I17=""),"",IF(NETWORKDAYS.INTL(I17,J17,"0000011")-1<=2,"✅ ملتزم","❌ غير ملتزم")) -> ❌ غير ملتزم | L17: {=IF(A17="","",INDEX(البيانات!$AJ$2:$AJ$265,A17))} -> تم الحظور
A18: {=IFERROR(SMALL(IF(البيانات!$AS$2:$AS$265="مستشفى صبيا العام",البيانات!$AT$2:$AT$265),16),"")} -> 66 | B18: {=IF(A18="","",INDEX(البيانات!$V$2:$V$265,A18))} -> 1087694566 | C18: {=IF(A18="","",INDEX(البيانات!$U$2:$U$265,A18))} -> GHALIAH AHMED HAMAD HIFTHI | D18: {=IF(A18="","",INDEX(البيانات!$T$2:$T$265,A18))} -> 0 | E18: {=IF(A18="","",INDEX(البيانات!$F$2:$F$265,A18))} -> القطاع الغربي | F18: {=IF(A18="","",INDEX(البيانات!$Y$2:$Y$265,A18))} -> 0501570010 | I18: {=IF(A18="","",INDEX(البيانات!$P$2:$P$265,A18))} -> 46103 | J18: {=IF(A18="","",INDEX(البيانات!$AI$2:$AI$265,A18))} -> 26/3/2026 | K18: =IF(OR(A18="",J18="",I18=""),"",IF(NETWORKDAYS.INTL(I18,J18,"0000011")-1<=2,"✅ ملتزم","❌ غير ملتزم")) -> ❌ غير ملتزم | L18: {=IF(A18="","",INDEX(البيانات!$AJ$2:$AJ$265,A18))} -> تم الحضور
A19: {=IFERROR(SMALL(IF(البيانات!$AS$2:$AS$265="مستشفى صبيا العام",البيانات!$AT$2:$AT$265),17),"")} -> 74 | B19: {=IF(A19="","",INDEX(البيانات!$V$2:$V$265,A19))} -> 1128898101 | C19: {=IF(A19="","",INDEX(البيانات!$U$2:$U$265,A19))} -> OHUD ABDU ABDULLAH AJIMI | D19: {=IF(A19="","",INDEX(البيانات!$T$2:$T$265,A19))} -> 0 | E19: {=IF(A19="","",INDEX(البيانات!$F$2:$F$265,A19))} -> القطاع الغربي | F19: {=IF(A19="","",INDEX(البيانات!$Y$2:$Y$265,A19))} -> 0559231453 | I19: {=IF(A19="","",INDEX(البيانات!$P$2:$P$265,A19))} -> 46107 | J19: {=IF(A19="","",INDEX(البيانات!$AI$2:$AI$265,A19))} -> 2/4/2026 | K19: =IF(OR(A19="",J19="",I19=""),"",IF(NETWORKDAYS.INTL(I19,J19,"0000011")-1<=2,"✅ ملتزم","❌ غير ملتزم")) -> ❌ غير ملتزم | L19: {=IF(A19="","",INDEX(البيانات!$AJ$2:$AJ$265,A19))} -> تم الحضور
A20: {=IFERROR(SMALL(IF(البيانات!$AS$2:$AS$265="مستشفى صبيا العام",البيانات!$AT$2:$AT$265),18),"")} -> 85 | B20: {=IF(A20="","",INDEX(البيانات!$V$2:$V$265,A20))} -> 1111484265 | C20: {=IF(A20="","",INDEX(البيانات!$U$2:$U$265,A20))} -> زهور حسن سالم المالكي | D20: {=IF(A20="","",INDEX(البيانات!$T$2:$T$265,A20))} -> 0 | E20: {=IF(A20="","",INDEX(البيانات!$F$2:$F$265,A20))} -> قطاع بني مالك | F20: {=IF(A20="","",INDEX(البيانات!$Y$2:$Y$265,A20))} -> 0501405595 | I20: {=IF(A20="","",INDEX(البيانات!$P$2:$P$265,A20))} -> 46110 | J20: {=IF(A20="","",INDEX(البيانات!$AI$2:$AI$265,A20))} -> 2/4/2026 | K20: =IF(OR(A20="",J20="",I20=""),"",IF(NETWORKDAYS.INTL(I20,J20,"0000011")-1<=2,"✅ ملتزم","❌ غير ملتزم")) -> ❌ غير ملتزم | L20: {=IF(A20="","",INDEX(البيانات!$AJ$2:$AJ$265,A20))} -> لم تحظر
A21: {=IFERROR(SMALL(IF(البيانات!$AS$2:$AS$265="مستشفى صبيا العام",البيانات!$AT$2:$AT$265),19),"")} -> 91 | B21: {=IF(A21="","",INDEX(البيانات!$V$2:$V$265,A21))} -> 1097403966 | C21: {=IF(A21="","",INDEX(البيانات!$U$2:$U$265,A21))} -> Fatimah ali abdullah qanawi | D21: {=IF(A21="","",INDEX(البيانات!$T$2:$T$265,A21))} -> 0 | E21: {=IF(A21="","",INDEX(البيانات!$F$2:$F$265,A21))} -> القطاع الغربي | F21: {=IF(A21="","",INDEX(البيانات!$Y$2:$Y$265,A21))} -> 0535774175 | I21: {=IF(A21="","",INDEX(البيانات!$P$2:$P$265,A21))} -> 46111 | J21: {=IF(A21="","",INDEX(البيانات!$AI$2:$AI$265,A21))} -> 2/4/2026 | K21: =IF(OR(A21="",J21="",I21=""),"",IF(NETWORKDAYS.INTL(I21,J21,"0000011")-1<=2,"✅ ملتزم","❌ غير ملتزم")) -> ❌ غير ملتزم | L21: {=IF(A21="","",INDEX(البيانات!$AJ$2:$AJ$265,A21))} -> تم الحضور
A22: {=IFERROR(SMALL(IF(البيانات!$AS$2:$AS$265="مستشفى صبيا العام",البيانات!$AT$2:$AT$265),20),"")} -> 107 | B22: {=IF(A22="","",INDEX(البيانات!$V$2:$V$265,A22))} -> 1096345218 | C22: {=IF(A22="","",INDEX(البيانات!$U$2:$U$265,A22))} -> AWATIF AHMED ABDULLAH HAKAMI | D22: {=IF(A22="","",INDEX(البيانات!$T$2:$T$265,A22))} -> 38 | E22: {=IF(A22="","",INDEX(البيانات!$F$2:$F$265,A22))} -> القطاع المركزي Central Sector | F22: {=IF(A22="","",INDEX(البيانات!$Y$2:$Y$265,A22))} -> 0551323515 | I22: {=IF(A22="","",INDEX(البيانات!$P$2:$P$265,A22))} -> 46113 | J22: {=IF(A22="","",INDEX(البيانات!$AI$2:$AI$265,A22))} -> 46117 | K22: =IF(OR(A22="",J22="",I22=""),"",IF(NETWORKDAYS.INTL(I22,J22,"0000011")-1<=2,"✅ ملتزم","❌ غير ملتزم")) -> ✅ ملتزم | L22: {=IF(A22="","",INDEX(البيانات!$AJ$2:$AJ$265,A22))} -> حضرت
A23: {=IFERROR(SMALL(IF(البيانات!$AS$2:$AS$265="مستشفى صبيا العام",البيانات!$AT$2:$AT$265),21),"")} -> 108 | B23: {=IF(A23="","",INDEX(البيانات!$V$2:$V$265,A23))} -> 1067876415 | C23: {=IF(A23="","",INDEX(البيانات!$U$2:$U$265,A23))} -> MUTIBAH FAYADH MUTAEN TUMAYHI | D23: {=IF(A23="","",INDEX(البيانات!$T$2:$T$265,A23))} -> 42 | E23: {=IF(A23="","",INDEX(البيانات!$F$2:$F$265,A23))} -> القطاع الغربي Western Sector | F23: {=IF(A23="","",INDEX(البيانات!$Y$2:$Y$265,A23))} -> 0509836185 | I23: {=IF(A23="","",INDEX(البيانات!$P$2:$P$265,A23))} -> 46113 | J23: {=IF(A23="","",INDEX(البيانات!$AI$2:$AI$265,A23))} -> 46114 | K23: =IF(OR(A23="",J23="",I23=""),"",IF(NETWORKDAYS.INTL(I23,J23,"0000011")-1<=2,"✅ ملتزم","❌ غير ملتزم")) -> ✅ ملتزم | L23: {=IF(A23="","",INDEX(البيانات!$AJ$2:$AJ$265,A23))} -> حضرت
A24: {=IFERROR(SMALL(IF(البيانات!$AS$2:$AS$265="مستشفى صبيا العام",البيانات!$AT$2:$AT$265),22),"")} -> 112 | B24: {=IF(A24="","",INDEX(البيانات!$V$2:$V$265,A24))} -> 1098883562 | C24: {=IF(A24="","",INDEX(البيانات!$U$2:$U$265,A24))} -> ندا عبدالله ناصر صالح يحي | D24: {=IF(A24="","",INDEX(البيانات!$T$2:$T$265,A24))} -> 39 | E24: {=IF(A24="","",INDEX(البيانات!$F$2:$F$265,A24))} -> القطاع الأوسط Middle Sector | F24: {=IF(A24="","",INDEX(البيانات!$Y$2:$Y$265,A24))} -> 0503663772 | I24: {=IF(A24="","",INDEX(البيانات!$P$2:$P$265,A24))} -> 46114 | K24: =IF(OR(A24="",J24="",I24=""),"",IF(NETWORKDAYS.INTL(I24,J24,"0000011")-1<=2,"✅ ملتزم","❌ غير ملتزم")) | L24: {=IF(A24="","",INDEX(البيانات!$AJ$2:$AJ$265,A24))} -> تراجع بمستشفى اخر
A25: {=IFERROR(SMALL(IF(البيانات!$AS$2:$AS$265="مستشفى صبيا العام",البيانات!$AT$2:$AT$265),23),"")} -> 113 | B25: {=IF(A25="","",INDEX(البيانات!$V$2:$V$265,A25))} -> 1110869045 | C25: {=IF(A25="","",INDEX(البيانات!$U$2:$U$265,A25))} -> هند جابر احمد عقيلي | D25: {=IF(A25="","",INDEX(البيانات!$T$2:$T$265,A25))} -> 33 | E25: {=IF(A25="","",INDEX(البيانات!$F$2:$F$265,A25))} -> القطاع المركزي Central Sector | F25: {=IF(A25="","",INDEX(البيانات!$Y$2:$Y$265,A25))} -> 0550691432 | I25: {=IF(A25="","",INDEX(البيانات!$P$2:$P$265,A25))} -> 46114 | J25: {=IF(A25="","",INDEX(البيانات!$AI$2:$AI$265,A25))} -> 46128 | K25: =IF(OR(A25="",J25="",I25=""),"",IF(NETWORKDAYS.INTL(I25,J25,"0000011")-1<=2,"✅ ملتزم","❌ غير ملتزم")) -> ❌ غير ملتزم | L25: {=IF(A25="","",INDEX(البيانات!$AJ$2:$AJ$265,A25))} -> حضرت
A26: {=IFERROR(SMALL(IF(البيانات!$AS$2:$AS$265="مستشفى صبيا العام",البيانات!$AT$2:$AT$265),24),"")} -> 115 | B26: {=IF(A26="","",INDEX(البيانات!$V$2:$V$265,A26))} -> 1060748751 | C26: {=IF(A26="","",INDEX(البيانات!$U$2:$U$265,A26))} -> رقيا احمد قاسم مجلي | D26: {=IF(A26="","",INDEX(البيانات!$T$2:$T$265,A26))} -> 47 | E26: {=IF(A26="","",INDEX(البيانات!$F$2:$F$265,A26))} -> القطاع الجبلي Aljabaly Sector | F26: {=IF(A26="","",INDEX(البيانات!$Y$2:$Y$265,A26))} -> 509690023 | I26: {=IF(A26="","",INDEX(البيانات!$P$2:$P$265,A26))} -> 46114 | J26: {=IF(A26="","",INDEX(البيانات!$AI$2:$AI$265,A26))} -> 46121 | K26: =IF(OR(A26="",J26="",I26=""),"",IF(NETWORKDAYS.INTL(I26,J26,"0000011")-1<=2,"✅ ملتزم","❌ غير ملتزم")) -> ❌ غير ملتزم | L26: {=IF(A26="","",INDEX(البيانات!$AJ$2:$AJ$265,A26))} -> حضرت
A27: {=IFERROR(SMALL(IF(البيانات!$AS$2:$AS$265="مستشفى صبيا العام",البيانات!$AT$2:$AT$265),25),"")} -> 126 | B27: {=IF(A27="","",INDEX(البيانات!$V$2:$V$265,A27))} -> 1096237886 | C27: {=IF(A27="","",INDEX(البيانات!$U$2:$U$265,A27))} -> هناء حسن النعمي | D27: {=IF(A27="","",INDEX(البيانات!$T$2:$T$265,A27))} -> 36 | E27: {=IF(A27="","",INDEX(البيانات!$F$2:$F$265,A27))} -> القطاع الأوسط Middle Sector | F27: {=IF(A27="","",INDEX(البيانات!$Y$2:$Y$265,A27))} -> 0534149948 | I27: {=IF(A27="","",INDEX(البيانات!$P$2:$P$265,A27))} -> 46117 | J27: {=IF(A27="","",INDEX(البيانات!$AI$2:$AI$265,A27))} -> 46134 | K27: =IF(OR(A27="",J27="",I27=""),"",IF(NETWORKDAYS.INTL(I27,J27,"0000011")-1<=2,"✅ ملتزم","❌ غير ملتزم")) -> ❌ غير ملتزم | L27: {=IF(A27="","",INDEX(البيانات!$AJ$2:$AJ$265,A27))} -> حضرت
A28: {=IFERROR(SMALL(IF(البيانات!$AS$2:$AS$265="مستشفى صبيا العام",البيانات!$AT$2:$AT$265),26),"")} -> 127 | B28: {=IF(A28="","",INDEX(البيانات!$V$2:$V$265,A28))} -> 1077958971 | C28: {=IF(A28="","",INDEX(البيانات!$U$2:$U$265,A28))} -> fatma jaber mohammed | D28: {=IF(A28="","",INDEX(البيانات!$T$2:$T$265,A28))} -> 34 | E28: {=IF(A28="","",INDEX(البيانات!$F$2:$F$265,A28))} -> القطاع الشمالي Northern Sector | F28: {=IF(A28="","",INDEX(البيانات!$Y$2:$Y$265,A28))} -> 0507359011 | I28: {=IF(A28="","",INDEX(البيانات!$P$2:$P$265,A28))} -> 46117 | J28: {=IF(A28="","",INDEX(البيانات!$AI$2:$AI$265,A28))} -> 46120 | K28: =IF(OR(A28="",J28="",I28=""),"",IF(NETWORKDAYS.INTL(I28,J28,"0000011")-1<=2,"✅ ملتزم","❌ غير ملتزم")) -> ✅ ملتزم | L28: {=IF(A28="","",INDEX(البيانات!$AJ$2:$AJ$265,A28))} -> حضرت
A29: {=IFERROR(SMALL(IF(البيانات!$AS$2:$AS$265="مستشفى صبيا العام",البيانات!$AT$2:$AT$265),27),"")} -> 129 | B29: {=IF(A29="","",INDEX(البيانات!$V$2:$V$265,A29))} -> 1073801175 | C29: {=IF(A29="","",INDEX(البيانات!$U$2:$U$265,A29))} -> RYHANA AHMED JABBAR | D29: {=IF(A29="","",INDEX(البيانات!$T$2:$T$265,A29))} -> 38 | E29: {=IF(A29="","",INDEX(البيانات!$F$2:$F$265,A29))} -> القطاع الشمالي Northern Sector | F29: {=IF(A29="","",INDEX(البيانات!$Y$2:$Y$265,A29))} -> 555646907 | I29: {=IF(A29="","",INDEX(البيانات!$P$2:$P$265,A29))} -> 46118 | J29: {=IF(A29="","",INDEX(البيانات!$AI$2:$AI$265,A29))} -> 46120 | K29: =IF(OR(A29="",J29="",I29=""),"",IF(NETWORKDAYS.INTL(I29,J29,"0000011")-1<=2,"✅ ملتزم","❌ غير ملتزم")) -> ✅ ملتزم | L29: {=IF(A29="","",INDEX(البيانات!$AJ$2:$AJ$265,A29))} -> حضرت
A30: {=IFERROR(SMALL(IF(البيانات!$AS$2:$AS$265="مستشفى صبيا العام",البيانات!$AT$2:$AT$265),28),"")} -> 130 | B30: {=IF(A30="","",INDEX(البيانات!$V$2:$V$265,A30))} -> 1129763536 | C30: {=IF(A30="","",INDEX(البيانات!$U$2:$U$265,A30))} -> نعمه احمد سليمان علي غزواني | D30: {=IF(A30="","",INDEX(البيانات!$T$2:$T$265,A30))} -> 20 | E30: {=IF(A30="","",INDEX(البيانات!$F$2:$F$265,A30))} -> القطاع الجبلي Aljabaly Sector | F30: {=IF(A30="","",INDEX(البيانات!$Y$2:$Y$265,A30))} -> 0550058643 | I30: {=IF(A30="","",INDEX(البيانات!$P$2:$P$265,A30))} -> 46118 | J30: {=IF(A30="","",INDEX(البيانات!$AI$2:$AI$265,A30))} -> 46121 | K30: =IF(OR(A30="",J30="",I30=""),"",IF(NETWORKDAYS.INTL(I30,J30,"0000011")-1<=2,"✅ ملتزم","❌ غير ملتزم")) -> ❌ غير ملتزم | L30: {=IF(A30="","",INDEX(البيانات!$AJ$2:$AJ$265,A30))} -> حضرت
A31: {=IFERROR(SMALL(IF(البيانات!$AS$2:$AS$265="مستشفى صبيا العام",البيانات!$AT$2:$AT$265),29),"")} -> 132 | B31: {=IF(A31="","",INDEX(البيانات!$V$2:$V$265,A31))} -> 2500917717 | C31: {=IF(A31="","",INDEX(البيانات!$U$2:$U$265,A31))} -> Aesha MOHAMMED AHMED MURAYR | D31: {=IF(A31="","",INDEX(البيانات!$T$2:$T$265,A31))} -> 26 | E31: {=IF(A31="","",INDEX(البيانات!$F$2:$F$265,A31))} -> القطاع الغربي Western Sector | F31: {=IF(A31="","",INDEX(البيانات!$Y$2:$Y$265,A31))} -> 0504159587 | I31: {=IF(A31="","",INDEX(البيانات!$P$2:$P$265,A31))} -> 46119 | J31: {=IF(A31="","",INDEX(البيانات!$AI$2:$AI$265,A31))} -> 46135 | K31: =IF(OR(A31="",J31="",I31=""),"",IF(NETWORKDAYS.INTL(I31,J31,"0000011")-1<=2,"✅ ملتزم","❌ غير ملتزم")) -> ❌ غير ملتزم | L31: {=IF(A31="","",INDEX(البيانات!$AJ$2:$AJ$265,A31))} -> حضرت
A32: {=IFERROR(SMALL(IF(البيانات!$AS$2:$AS$265="مستشفى صبيا العام",البيانات!$AT$2:$AT$265),30),"")} -> 145 | B32: {=IF(A32="","",INDEX(البيانات!$V$2:$V$265,A32))} -> 1090542885 | C32: {=IF(A32="","",INDEX(البيانات!$U$2:$U$265,A32))} -> NIMAH HASSAN YAHYA SUHLULI | D32: {=IF(A32="","",INDEX(البيانات!$T$2:$T$265,A32))} -> 30 | E32: {=IF(A32="","",INDEX(البيانات!$F$2:$F$265,A32))} -> Western Sectorالقطاع الغربي | F32: {=IF(A32="","",INDEX(البيانات!$Y$2:$Y$265,A32))} -> 509189445 | I32: {=IF(A32="","",INDEX(البيانات!$P$2:$P$265,A32))} -> 46121 | J32: {=IF(A32="","",INDEX(البيانات!$AI$2:$AI$265,A32))} -> 46128 | K32: =IF(OR(A32="",J32="",I32=""),"",IF(NETWORKDAYS.INTL(I32,J32,"0000011")-1<=2,"✅ ملتزم","❌ غير ملتزم")) -> ❌ غير ملتزم | L32: {=IF(A32="","",INDEX(البيانات!$AJ$2:$AJ$265,A32))} -> لم تحضر
A33: {=IFERROR(SMALL(IF(البيانات!$AS$2:$AS$265="مستشفى صبيا العام",البيانات!$AT$2:$AT$265),31),"")} -> 157 | B33: {=IF(A33="","",INDEX(البيانات!$V$2:$V$265,A33))} -> 1100722410 | C33: {=IF(A33="","",INDEX(البيانات!$U$2:$U$265,A33))} -> جميله سلمان جبران غزواني | D33: {=IF(A33="","",INDEX(البيانات!$T$2:$T$265,A33))} -> 28 | E33: {=IF(A33="","",INDEX(البيانات!$F$2:$F$265,A33))} -> aljabaly sectorالقطاع الجبلي | F33: {=IF(A33="","",INDEX(البيانات!$Y$2:$Y$265,A33))} -> 553742681 | I33: {=IF(A33="","",INDEX(البيانات!$P$2:$P$265,A33))} -> 46126 | J33: {=IF(A33="","",INDEX(البيانات!$AI$2:$AI$265,A33))} -> 46135 | K33: =IF(OR(A33="",J33="",I33=""),"",IF(NETWORKDAYS.INTL(I33,J33,"0000011")-1<=2,"✅ ملتزم","❌ غير ملتزم")) -> ❌ غير ملتزم | L33: {=IF(A33="","",INDEX(البيانات!$AJ$2:$AJ$265,A33))} -> حضرت
A34: {=IFERROR(SMALL(IF(البيانات!$AS$2:$AS$265="مستشفى صبيا العام",البيانات!$AT$2:$AT$265),32),"")} -> 189 | B34: {=IF(A34="","",INDEX(البيانات!$V$2:$V$265,A34))} -> 1083517712 | C34: {=IF(A34="","",INDEX(البيانات!$U$2:$U$265,A34))} -> HUDA HADI OTHMAN HUFDI | D34: {=IF(A34="","",INDEX(البيانات!$T$2:$T$265,A34))} -> 32 | E34: {=IF(A34="","",INDEX(البيانات!$F$2:$F$265,A34))} -> Western Sectorالقطاع الغربي | F34: {=IF(A34="","",INDEX(البيانات!$Y$2:$Y$265,A34))} -> 0501588163 | I34: {=IF(A34="","",INDEX(البيانات!$P$2:$P$265,A34))} -> 46133 | J34: {=IF(A34="","",INDEX(البيانات!$AI$2:$AI$265,A34))} -> 46135 | K34: =IF(OR(A34="",J34="",I34=""),"",IF(NETWORKDAYS.INTL(I34,J34,"0000011")-1<=2,"✅ ملتزم","❌ غير ملتزم")) -> ✅ ملتزم | L34: {=IF(A34="","",INDEX(البيانات!$AJ$2:$AJ$265,A34))} -> حضرت
A35: {=IFERROR(SMALL(IF(البيانات!$AS$2:$AS$265="مستشفى صبيا العام",البيانات!$AT$2:$AT$265),33),"")} -> 202 | B35: {=IF(A35="","",INDEX(البيانات!$V$2:$V$265,A35))} -> 1068047016 | C35: {=IF(A35="","",INDEX(البيانات!$U$2:$U$265,A35))} -> جمعة علي يحيى غزواني | D35: {=IF(A35="","",INDEX(البيانات!$T$2:$T$265,A35))} -> 41 | E35: {=IF(A35="","",INDEX(البيانات!$F$2:$F$265,A35))} -> aljabaly sectorالقطاع الجبلي | F35: {=IF(A35="","",INDEX(البيانات!$Y$2:$Y$265,A35))} -> 0532083704 | I35: {=IF(A35="","",INDEX(البيانات!$P$2:$P$265,A35))} -> 46133 | J35: {=IF(A35="","",INDEX(البيانات!$AI$2:$AI$265,A35))} -> 46135 | K35: =IF(OR(A35="",J35="",I35=""),"",IF(NETWORKDAYS.INTL(I35,J35,"0000011")-1<=2,"✅ ملتزم","❌ غير ملتزم")) -> ✅ ملتزم | L35: {=IF(A35="","",INDEX(البيانات!$AJ$2:$AJ$265,A35))} -> حضرت
A36: {=IFERROR(SMALL(IF(البيانات!$AS$2:$AS$265="مستشفى صبيا العام",البيانات!$AT$2:$AT$265),34),"")} -> 214 | B36: {=IF(A36="","",INDEX(البيانات!$V$2:$V$265,A36))} -> 1125692911 | C36: {=IF(A36="","",INDEX(البيانات!$U$2:$U$265,A36))} -> SALMA ABDULLAH HASSAN | D36: {=IF(A36="","",INDEX(البيانات!$T$2:$T$265,A36))} -> 21 | E36: {=IF(A36="","",INDEX(البيانات!$F$2:$F$265,A36))} -> Northern Sectorالقطاع الشمالي | F36: {=IF(A36="","",INDEX(البيانات!$Y$2:$Y$265,A36))} -> 0580214918 | I36: {=IF(A36="","",INDEX(البيانات!$P$2:$P$265,A36))} -> 46140 | J36: {=IF(A36="","",INDEX(البيانات!$AI$2:$AI$265,A36))} -> 46149 | K36: =IF(OR(A36="",J36="",I36=""),"",IF(NETWORKDAYS.INTL(I36,J36,"0000011")-1<=2,"✅ ملتزم","❌ غير ملتزم")) -> ❌ غير ملتزم | L36: {=IF(A36="","",INDEX(البيانات!$AJ$2:$AJ$265,A36))} -> 0
A37: {=IFERROR(SMALL(IF(البيانات!$AS$2:$AS$265="مستشفى صبيا العام",البيانات!$AT$2:$AT$265),35),"")} -> 215 | B37: {=IF(A37="","",INDEX(البيانات!$V$2:$V$265,A37))} -> 1063902868 | C37: {=IF(A37="","",INDEX(البيانات!$U$2:$U$265,A37))} -> مريم يحي محمد شاجري | D37: {=IF(A37="","",INDEX(البيانات!$T$2:$T$265,A37))} -> 39 | E37: {=IF(A37="","",INDEX(البيانات!$F$2:$F$265,A37))} -> Western Sectorالقطاع الغربي | F37: {=IF(A37="","",INDEX(البيانات!$Y$2:$Y$265,A37))} -> 0535245769 | I37: {=IF(A37="","",INDEX(البيانات!$P$2:$P$265,A37))} -> 46140 | J37: {=IF(A37="","",INDEX(البيانات!$AI$2:$AI$265,A37))} -> 46142 | K37: =IF(OR(A37="",J37="",I37=""),"",IF(NETWORKDAYS.INTL(I37,J37,"0000011")-1<=2,"✅ ملتزم","❌ غير ملتزم")) -> ✅ ملتزم | L37: {=IF(A37="","",INDEX(البيانات!$AJ$2:$AJ$265,A37))} -> حضرت
A38: {=IFERROR(SMALL(IF(البيانات!$AS$2:$AS$265="مستشفى صبيا العام",البيانات!$AT$2:$AT$265),36),"")} -> 226 | B38: {=IF(A38="","",INDEX(البيانات!$V$2:$V$265,A38))} -> 1084966348 | C38: {=IF(A38="","",INDEX(البيانات!$U$2:$U$265,A38))} -> نعمة احمد محمد هروبي | D38: {=IF(A38="","",INDEX(البيانات!$T$2:$T$265,A38))} -> 38 | E38: {=IF(A38="","",INDEX(البيانات!$F$2:$F$265,A38))} -> Central Sectorالقطاع المركزي | F38: {=IF(A38="","",INDEX(البيانات!$Y$2:$Y$265,A38))} -> 0556387628 | I38: {=IF(A38="","",INDEX(البيانات!$P$2:$P$265,A38))} -> 46141 | J38: {=IF(A38="","",INDEX(البيانات!$AI$2:$AI$265,A38))} -> 46146 | K38: =IF(OR(A38="",J38="",I38=""),"",IF(NETWORKDAYS.INTL(I38,J38,"0000011")-1<=2,"✅ ملتزم","❌ غير ملتزم")) -> ❌ غير ملتزم | L38: {=IF(A38="","",INDEX(البيانات!$AJ$2:$AJ$265,A38))} -> حضرت
A39: {=IFERROR(SMALL(IF(البيانات!$AS$2:$AS$265="مستشفى صبيا العام",البيانات!$AT$2:$AT$265),37),"")} -> 232 | B39: {=IF(A39="","",INDEX(البيانات!$V$2:$V$265,A39))} -> 1072361312 | C39: {=IF(A39="","",INDEX(البيانات!$U$2:$U$265,A39))} -> ربوعة يزيد حسن دوران | D39: {=IF(A39="","",INDEX(البيانات!$T$2:$T$265,A39))} -> 40 | E39: {=IF(A39="","",INDEX(البيانات!$F$2:$F$265,A39))} -> aljabaly sectorالقطاع الجبلي | F39: {=IF(A39="","",INDEX(البيانات!$Y$2:$Y$265,A39))} -> 0500742581 | I39: {=IF(A39="","",INDEX(البيانات!$P$2:$P$265,A39))} -> 46145 | J39: {=IF(A39="","",INDEX(البيانات!$AI$2:$AI$265,A39))} -> 46149 | K39: =IF(OR(A39="",J39="",I39=""),"",IF(NETWORKDAYS.INTL(I39,J39,"0000011")-1<=2,"✅ ملتزم","❌ غير ملتزم")) -> ❌ غير ملتزم | L39: {=IF(A39="","",INDEX(البيانات!$AJ$2:$AJ$265,A39))} -> 0
A40: {=IFERROR(SMALL(IF(البيانات!$AS$2:$AS$265="مستشفى صبيا العام",البيانات!$AT$2:$AT$265),38),"")} -> 240 | B40: {=IF(A40="","",INDEX(البيانات!$V$2:$V$265,A40))} -> 1060023981 | C40: {=IF(A40="","",INDEX(البيانات!$U$2:$U$265,A40))} -> MITIBA FAYE MOHAMMED | D40: {=IF(A40="","",INDEX(البيانات!$T$2:$T$265,A40))} -> 39 | E40: {=IF(A40="","",INDEX(البيانات!$F$2:$F$265,A40))} -> Northern Sectorالقطاع الشمالي | F40: {=IF(A40="","",INDEX(البيانات!$Y$2:$Y$265,A40))} -> 0583198415 | I40: {=IF(A40="","",INDEX(البيانات!$P$2:$P$265,A40))} -> 46146 | J40: {=IF(A40="","",INDEX(البيانات!$AI$2:$AI$265,A40))} -> 46149 | K40: =IF(OR(A40="",J40="",I40=""),"",IF(NETWORKDAYS.INTL(I40,J40,"0000011")-1<=2,"✅ ملتزم","❌ غير ملتزم")) -> ❌ غير ملتزم | L40: {=IF(A40="","",INDEX(البيانات!$AJ$2:$AJ$265,A40))} -> 0

Sheet إحالات_جازان
A1: 🏥 مستشفى جازان العام - قائمة الإحالات
A2: عدد الحالات المحالة: | B2: =COUNTIF(البيانات!$AS:$AS,"*جازان*") -> 148
A3: # | B3: السجل المدني | C3: اسم المريضة | D3: العمر | E3: القطاع | F3: رقم الجوال | G3: مستوى الخطر | H3: توصية الإحالة | I3: تاريخ الزيارة | J3: تاريخ الموعد | K3: الالتزام | L3: افادة الحضور | M3: تصنيف المنسق | N3: ملاحظات المنسق
A4: {=IFERROR(SMALL(IF(البيانات!$AS$2:$AS$265="مستشفى جازان العام",البيانات!$AT$2:$AT$265),1),"")} -> 1 | B4: {=IF(A4="","",INDEX(البيانات!$V$2:$V$265,A4))} -> 1115947606 | C4: {=IF(A4="","",INDEX(البيانات!$U$2:$U$265,A4))} -> جنان حسين محمد حكمي | D4: {=IF(A4="","",INDEX(البيانات!$T$2:$T$265,A4))} -> 24 | E4: {=IF(A4="","",INDEX(البيانات!$F$2:$F$265,A4))} -> القطاع المركزي | F4: {=IF(A4="","",INDEX(البيانات!$Y$2:$Y$265,A4))} -> 556898292 | I4: {=IF(A4="","",INDEX(البيانات!$P$2:$P$265,A4))} -> 46077 | J4: {=IF(A4="","",INDEX(البيانات!$AI$2:$AI$265,A4))} -> 5/3/2026 | K4: =IF(OR(A4="",J4="",I4=""),"",IF(NETWORKDAYS.INTL(I4,J4,"0000011")-1<=2,"✅ ملتزم","❌ غير ملتزم")) -> ❌ غير ملتزم | L4: {=IF(A4="","",INDEX(البيانات!$AJ$2:$AJ$265,A4))} -> تم الحظور
A5: {=IFERROR(SMALL(IF(البيانات!$AS$2:$AS$265="مستشفى جازان العام",البيانات!$AT$2:$AT$265),2),"")} -> 2 | B5: {=IF(A5="","",INDEX(البيانات!$V$2:$V$265,A5))} -> 1096345200 | C5: {=IF(A5="","",INDEX(البيانات!$U$2:$U$265,A5))} -> ابتسام احمد عبدالله حكمي | D5: {=IF(A5="","",INDEX(البيانات!$T$2:$T$265,A5))} -> 40 | E5: {=IF(A5="","",INDEX(البيانات!$F$2:$F$265,A5))} -> القطاع المركزي | F5: {=IF(A5="","",INDEX(البيانات!$Y$2:$Y$265,A5))} -> 552969032 | I5: {=IF(A5="","",INDEX(البيانات!$P$2:$P$265,A5))} -> 46077 | J5: {=IF(A5="","",INDEX(البيانات!$AI$2:$AI$265,A5))} -> 3/3/2026 | K5: =IF(OR(A5="",J5="",I5=""),"",IF(NETWORKDAYS.INTL(I5,J5,"0000011")-1<=2,"✅ ملتزم","❌ غير ملتزم")) -> ❌ غير ملتزم | L5: {=IF(A5="","",INDEX(البيانات!$AJ$2:$AJ$265,A5))} -> تم الحظور
A6: {=IFERROR(SMALL(IF(البيانات!$AS$2:$AS$265="مستشفى جازان العام",البيانات!$AT$2:$AT$265),3),"")} -> 3 | B6: {=IF(A6="","",INDEX(البيانات!$V$2:$V$265,A6))} -> 1115638270 | C6: {=IF(A6="","",INDEX(البيانات!$U$2:$U$265,A6))} -> KHULUD ALI JABRIL HAKAMI | D6: {=IF(A6="","",INDEX(البيانات!$T$2:$T$265,A6))} -> 23 | E6: {=IF(A6="","",INDEX(البيانات!$F$2:$F$265,A6))} -> القطاع المركزي | F6: {=IF(A6="","",INDEX(البيانات!$Y$2:$Y$265,A6))} -> 504101175 | I6: {=IF(A6="","",INDEX(البيانات!$P$2:$P$265,A6))} -> 46077 | J6: {=IF(A6="","",INDEX(البيانات!$AI$2:$AI$265,A6))} -> 5/3/2026 | K6: =IF(OR(A6="",J6="",I6=""),"",IF(NETWORKDAYS.INTL(I6,J6,"0000011")-1<=2,"✅ ملتزم","❌ غير ملتزم")) -> ❌ غير ملتزم | L6: {=IF(A6="","",INDEX(البيانات!$AJ$2:$AJ$265,A6))} -> تم الحظور
A7: {=IFERROR(SMALL(IF(البيانات!$AS$2:$AS$265="مستشفى جازان العام",البيانات!$AT$2:$AT$265),4),"")} -> 4 | B7: {=IF(A7="","",INDEX(البيانات!$V$2:$V$265,A7))} -> 1125222628 | C7: {=IF(A7="","",INDEX(البيانات!$U$2:$U$265,A7))} -> ريتاج حسن بن هادي مسملي | D7: {=IF(A7="","",INDEX(البيانات!$T$2:$T$265,A7))} -> 21 | E7: {=IF(A7="","",INDEX(البيانات!$F$2:$F$265,A7))} -> القطاع المركزي | F7: {=IF(A7="","",INDEX(البيانات!$Y$2:$Y$265,A7))} -> 0556703168 | I7: {=IF(A7="","",INDEX(البيانات!$P$2:$P$265,A7))} -> 46079 | J7: {=IF(A7="","",INDEX(البيانات!$AI$2:$AI$265,A7))} -> 8/3/2026 | K7: =IF(OR(A7="",J7="",I7=""),"",IF(NETWORKDAYS.INTL(I7,J7,"0000011")-1<=2,"✅ ملتزم","❌ غير ملتزم")) -> ❌ غير ملتزم | L7: {=IF(A7="","",INDEX(البيانات!$AJ$2:$AJ$265,A7))} -> تم الحظور
A8: {=IFERROR(SMALL(IF(البيانات!$AS$2:$AS$265="مستشفى جازان العام",البيانات!$AT$2:$AT$265),5),"")} -> 7 | B8: {=IF(A8="","",INDEX(البيانات!$V$2:$V$265,A8))} -> 1101328571 | C8: {=IF(A8="","",INDEX(البيانات!$U$2:$U$265,A8))} -> سمية علي محمد حكمي | D8: {=IF(A8="","",INDEX(البيانات!$T$2:$T$265,A8))} -> 35 | E8: {=IF(A8="","",INDEX(البيانات!$F$2:$F$265,A8))} -> القطاع المركزي | F8: {=IF(A8="","",INDEX(البيانات!$Y$2:$Y$265,A8))} -> 0591556502 | I8: {=IF(A8="","",INDEX(البيانات!$P$2:$P$265,A8))} -> 46086 | J8: 46095 | K8: =IF(OR(A8="",J8="",I8=""),"",IF(NETWORKDAYS.INTL(I8,J8,"0000011")-1<=2,"✅ ملتزم","❌ غير ملتزم")) -> ❌ غير ملتزم | L8: {=IF(A8="","",INDEX(البيانات!$AJ$2:$AJ$265,A8))} -> لم يتم الرد اكثر من مرة
A9: {=IFERROR(SMALL(IF(البيانات!$AS$2:$AS$265="مستشفى جازان العام",البيانات!$AT$2:$AT$265),6),"")} -> 10 | B9: {=IF(A9="","",INDEX(البيانات!$V$2:$V$265,A9))} -> 1115598771 | C9: {=IF(A9="","",INDEX(البيانات!$U$2:$U$265,A9))} -> احلام ابراهيم احمد جابر | D9: {=IF(A9="","",INDEX(البيانات!$T$2:$T$265,A9))} -> 28 | E9: {=IF(A9="","",INDEX(البيانات!$F$2:$F$265,A9))} -> القطاع المركزي | F9: {=IF(A9="","",INDEX(البيانات!$Y$2:$Y$265,A9))} -> 0551831583 | I9: {=IF(A9="","",INDEX(البيانات!$P$2:$P$265,A9))} -> 46086 | J9: 46095 | K9: =IF(OR(A9="",J9="",I9=""),"",IF(NETWORKDAYS.INTL(I9,J9,"0000011")-1<=2,"✅ ملتزم","❌ غير ملتزم")) -> ❌ غير ملتزم | L9: {=IF(A9="","",INDEX(البيانات!$AJ$2:$AJ$265,A9))} -> تم الحظور
A10: {=IFERROR(SMALL(IF(البيانات!$AS$2:$AS$265="مستشفى جازان العام",البيانات!$AT$2:$AT$265),7),"")} -> 12 | B10: {=IF(A10="","",INDEX(البيانات!$V$2:$V$265,A10))} -> 1139635757 | C10: {=IF(A10="","",INDEX(البيانات!$U$2:$U$265,A10))} -> Renad Mohammed ali ahmdini | D10: {=IF(A10="","",INDEX(البيانات!$T$2:$T$265,A10))} -> 18 | E10: {=IF(A10="","",INDEX(البيانات!$F$2:$F$265,A10))} -> القطاع المركزي | F10: {=IF(A10="","",INDEX(البيانات!$Y$2:$Y$265,A10))} -> 0556650141 | I10: {=IF(A10="","",INDEX(البيانات!$P$2:$P$265,A10))} -> 46089 | J10: {=IF(A10="","",INDEX(البيانات!$AI$2:$AI$265,A10))} -> 18/3/2026 | K10: =IF(OR(A10="",J10="",I10=""),"",IF(NETWORKDAYS.INTL(I10,J10,"0000011")-1<=2,"✅ ملتزم","❌ غير ملتزم")) -> ❌ غير ملتزم | L10: {=IF(A10="","",INDEX(البيانات!$AJ$2:$AJ$265,A10))} -> تم الحظور
A11: {=IFERROR(SMALL(IF(البيانات!$AS$2:$AS$265="مستشفى جازان العام",البيانات!$AT$2:$AT$265),8),"")} -> 14 | B11: {=IF(A11="","",INDEX(البيانات!$V$2:$V$265,A11))} -> 1080104324 | C11: {=IF(A11="","",INDEX(البيانات!$U$2:$U$265,A11))} -> EMAN MOHAMMED ABU TUMAYHI | D11: {=IF(A11="","",INDEX(البيانات!$T$2:$T$265,A11))} -> 33 | E11: {=IF(A11="","",INDEX(البيانات!$F$2:$F$265,A11))} -> القطاع الغربي | F11: {=IF(A11="","",INDEX(البيانات!$Y$2:$Y$265,A11))} -> 0535806606 | I11: {=IF(A11="","",INDEX(البيانات!$P$2:$P$265,A11))} -> 46089 | J11: 46103 | K11: =IF(OR(A11="",J11="",I11=""),"",IF(NETWORKDAYS.INTL(I11,J11,"0000011")-1<=2,"✅ ملتزم","❌ غير ملتزم")) -> ❌ غير ملتزم | L11: {=IF(A11="","",INDEX(البيانات!$AJ$2:$AJ$265,A11))} -> لم تحضر وتم حجز موعد جديد 6/4/2026
A12: {=IFERROR(SMALL(IF(البيانات!$AS$2:$AS$265="مستشفى جازان العام",البيانات!$AT$2:$AT$265),9),"")} -> 19 | B12: {=IF(A12="","",INDEX(البيانات!$V$2:$V$265,A12))} -> 1133877017 | C12: {=IF(A12="","",INDEX(البيانات!$U$2:$U$265,A12))} -> جيهان عبده حيدر مغفوري | D12: {=IF(A12="","",INDEX(البيانات!$T$2:$T$265,A12))} -> 25 | E12: {=IF(A12="","",INDEX(البيانات!$F$2:$F$265,A12))} -> القطاع المركزي | F12: {=IF(A12="","",INDEX(البيانات!$Y$2:$Y$265,A12))} -> 508643312 | I12: {=IF(A12="","",INDEX(البيانات!$P$2:$P$265,A12))} -> 46090 | J12: {=IF(A12="","",INDEX(البيانات!$AI$2:$AI$265,A12))} -> 16/3/2026 | K12: =IF(OR(A12="",J12="",I12=""),"",IF(NETWORKDAYS.INTL(I12,J12,"0000011")-1<=2,"✅ ملتزم","❌ غير ملتزم")) -> ❌ غير ملتزم | L12: {=IF(A12="","",INDEX(البيانات!$AJ$2:$AJ$265,A12))} -> تم الحظور
A13: {=IFERROR(SMALL(IF(البيانات!$AS$2:$AS$265="مستشفى جازان العام",البيانات!$AT$2:$AT$265),10),"")} -> 21 | B13: {=IF(A13="","",INDEX(البيانات!$V$2:$V$265,A13))} -> 1116401827 | C13: {=IF(A13="","",INDEX(البيانات!$U$2:$U$265,A13))} -> امل احمد قاسم جعفر | D13: {=IF(A13="","",INDEX(البيانات!$T$2:$T$265,A13))} -> 23 | E13: {=IF(A13="","",INDEX(البيانات!$F$2:$F$265,A13))} -> القطاع المركزي | F13: {=IF(A13="","",INDEX(البيانات!$Y$2:$Y$265,A13))} -> 0590426652 | I13: {=IF(A13="","",INDEX(البيانات!$P$2:$P$265,A13))} -> 46090 | J13: {=IF(A13="","",INDEX(البيانات!$AI$2:$AI$265,A13))} -> 15/3/2026 | K13: =IF(OR(A13="",J13="",I13=""),"",IF(NETWORKDAYS.INTL(I13,J13,"0000011")-1<=2,"✅ ملتزم","❌ غير ملتزم")) -> ❌ غير ملتزم | L13: {=IF(A13="","",INDEX(البيانات!$AJ$2:$AJ$265,A13))} -> تم الحظور
A14: {=IFERROR(SMALL(IF(البيانات!$AS$2:$AS$265="مستشفى جازان العام",البيانات!$AT$2:$AT$265),11),"")} -> 22 | B14: {=IF(A14="","",INDEX(البيانات!$V$2:$V$265,A14))} -> 1080159708 | C14: {=IF(A14="","",INDEX(البيانات!$U$2:$U$265,A14))} -> ريم داوود قاضي | D14: {=IF(A14="","",INDEX(البيانات!$T$2:$T$265,A14))} -> 34 | E14: {=IF(A14="","",INDEX(البيانات!$F$2:$F$265,A14))} -> القطاع المركزي | F14: {=IF(A14="","",INDEX(البيانات!$Y$2:$Y$265,A14))} -> 0509407238 | I14: {=IF(A14="","",INDEX(البيانات!$P$2:$P$265,A14))} -> 46090 | J14: 46099 | K14: =IF(OR(A14="",J14="",I14=""),"",IF(NETWORKDAYS.INTL(I14,J14,"0000011")-1<=2,"✅ ملتزم","❌ غير ملتزم")) -> ❌ غير ملتزم | L14: {=IF(A14="","",INDEX(البيانات!$AJ$2:$AJ$265,A14))} -> تم الحظور
A15: {=IFERROR(SMALL(IF(البيانات!$AS$2:$AS$265="مستشفى جازان العام",البيانات!$AT$2:$AT$265),12),"")} -> 23 | B15: {=IF(A15="","",INDEX(البيانات!$V$2:$V$265,A15))} -> 2161489097 | C15: {=IF(A15="","",INDEX(البيانات!$U$2:$U$265,A15))} -> NEIMA OMER MOHAMED HASSAN | D15: {=IF(A15="","",INDEX(البيانات!$T$2:$T$265,A15))} -> 37 | E15: {=IF(A15="","",INDEX(البيانات!$F$2:$F$265,A15))} -> القطاع المركزي | F15: {=IF(A15="","",INDEX(البيانات!$Y$2:$Y$265,A15))} -> 0532905342 | I15: {=IF(A15="","",INDEX(البيانات!$P$2:$P$265,A15))} -> 46090 | J15: {=IF(A15="","",INDEX(البيانات!$AI$2:$AI$265,A15))} -> 15/3/2026 | K15: =IF(OR(A15="",J15="",I15=""),"",IF(NETWORKDAYS.INTL(I15,J15,"0000011")-1<=2,"✅ ملتزم","❌ غير ملتزم")) -> ❌ غير ملتزم | L15: {=IF(A15="","",INDEX(البيانات!$AJ$2:$AJ$265,A15))} -> تم الحظور
A16: {=IFERROR(SMALL(IF(البيانات!$AS$2:$AS$265="مستشفى جازان العام",البيانات!$AT$2:$AT$265),13),"")} -> 24 | B16: {=IF(A16="","",INDEX(البيانات!$V$2:$V$265,A16))} -> 1094145172 | C16: {=IF(A16="","",INDEX(البيانات!$U$2:$U$265,A16))} -> AMAL ABDULLAH ALI QAYSI | D16: {=IF(A16="","",INDEX(البيانات!$T$2:$T$265,A16))} -> 34 | E16: {=IF(A16="","",INDEX(البيانات!$F$2:$F$265,A16))} -> القطاع المركزي | F16: {=IF(A16="","",INDEX(البيانات!$Y$2:$Y$265,A16))} -> 0547484170 | I16: {=IF(A16="","",INDEX(البيانات!$P$2:$P$265,A16))} -> 46090 | J16: 46099 | K16: =IF(OR(A16="",J16="",I16=""),"",IF(NETWORKDAYS.INTL(I16,J16,"0000011")-1<=2,"✅ ملتزم","❌ غير ملتزم")) -> ❌ غير ملتزم | L16: {=IF(A16="","",INDEX(البيانات!$AJ$2:$AJ$265,A16))} -> تم الحظور
A17: {=IFERROR(SMALL(IF(البيانات!$AS$2:$AS$265="مستشفى جازان العام",البيانات!$AT$2:$AT$265),14),"")} -> 25 | B17: {=IF(A17="","",INDEX(البيانات!$V$2:$V$265,A17))} -> 1058788454 | C17: {=IF(A17="","",INDEX(البيانات!$U$2:$U$265,A17))} -> SADIQA SAEED ALI ALMONTASHERI | D17: {=IF(A17="","",INDEX(البيانات!$T$2:$T$265,A17))} -> 0 | E17: {=IF(A17="","",INDEX(البيانات!$F$2:$F$265,A17))} -> القطاع المركزي | F17: {=IF(A17="","",INDEX(البيانات!$Y$2:$Y$265,A17))} -> 0506281308 | I17: {=IF(A17="","",INDEX(البيانات!$P$2:$P$265,A17))} -> 46090 | J17: {=IF(A17="","",INDEX(البيانات!$AI$2:$AI$265,A17))} -> 10/3/2026 | K17: =IF(OR(A17="",J17="",I17=""),"",IF(NETWORKDAYS.INTL(I17,J17,"0000011")-1<=2,"✅ ملتزم","❌ غير ملتزم")) -> ✅ ملتزم | L17: {=IF(A17="","",INDEX(البيانات!$AJ$2:$AJ$265,A17))} -> تم الحظور
A18: {=IFERROR(SMALL(IF(البيانات!$AS$2:$AS$265="مستشفى جازان العام",البيانات!$AT$2:$AT$265),15),"")} -> 26 | B18: {=IF(A18="","",INDEX(البيانات!$V$2:$V$265,A18))} -> 1100312543 | C18: {=IF(A18="","",INDEX(البيانات!$U$2:$U$265,A18))} -> Fatimah Mohammed Yahya Alizzi | D18: {=IF(A18="","",INDEX(البيانات!$T$2:$T$265,A18))} -> 0 | E18: {=IF(A18="","",INDEX(البيانات!$F$2:$F$265,A18))} -> القطاع الغربي | F18: {=IF(A18="","",INDEX(البيانات!$Y$2:$Y$265,A18))} -> 506705169 | I18: {=IF(A18="","",INDEX(البيانات!$P$2:$P$265,A18))} -> 46091 | J18: {=IF(A18="","",INDEX(البيانات!$AI$2:$AI$265,A18))} -> 2/4/2026 | K18: =IF(OR(A18="",J18="",I18=""),"",IF(NETWORKDAYS.INTL(I18,J18,"0000011")-1<=2,"✅ ملتزم","❌ غير ملتزم")) -> ❌ غير ملتزم | L18: {=IF(A18="","",INDEX(البيانات!$AJ$2:$AJ$265,A18))} -> لم يتم الرد اكثر من مرة
A19: {=IFERROR(SMALL(IF(البيانات!$AS$2:$AS$265="مستشفى جازان العام",البيانات!$AT$2:$AT$265),16),"")} -> 27 | B19: {=IF(A19="","",INDEX(البيانات!$V$2:$V$265,A19))} -> 1108050699 | C19: {=IF(A19="","",INDEX(البيانات!$U$2:$U$265,A19))} -> لجين محسن حسين خردلي | D19: {=IF(A19="","",INDEX(البيانات!$T$2:$T$265,A19))} -> 0 | E19: {=IF(A19="","",INDEX(البيانات!$F$2:$F$265,A19))} -> القطاع المركزي | F19: {=IF(A19="","",INDEX(البيانات!$Y$2:$Y$265,A19))} -> 0552211853 | I19: {=IF(A19="","",INDEX(البيانات!$P$2:$P$265,A19))} -> 46090 | J19: 46096 | K19: =IF(OR(A19="",J19="",I19=""),"",IF(NETWORKDAYS.INTL(I19,J19,"0000011")-1<=2,"✅ ملتزم","❌ غير ملتزم")) -> ❌ غير ملتزم | L19: {=IF(A19="","",INDEX(البيانات!$AJ$2:$AJ$265,A19))} -> تم الحظور
A20: {=IFERROR(SMALL(IF(البيانات!$AS$2:$AS$265="مستشفى جازان العام",البيانات!$AT$2:$AT$265),17),"")} -> 29 | B20: {=IF(A20="","",INDEX(البيانات!$V$2:$V$265,A20))} -> 2371681582 | C20: {=IF(A20="","",INDEX(البيانات!$U$2:$U$265,A20))} -> FARRUKH SOBIA MOHD MOHD ASGHAR | D20: {=IF(A20="","",INDEX(البيانات!$T$2:$T$265,A20))} -> 0 | E20: {=IF(A20="","",INDEX(البيانات!$F$2:$F$265,A20))} -> القطاع المركزي | F20: {=IF(A20="","",INDEX(البيانات!$Y$2:$Y$265,A20))} -> 0538587629 | I20: {=IF(A20="","",INDEX(البيانات!$P$2:$P$265,A20))} -> 46091 | J20: {=IF(A20="","",INDEX(البيانات!$AI$2:$AI$265,A20))} -> 19/3/2026 | K20: =IF(OR(A20="",J20="",I20=""),"",IF(NETWORKDAYS.INTL(I20,J20,"0000011")-1<=2,"✅ ملتزم","❌ غير ملتزم")) -> ❌ غير ملتزم | L20: {=IF(A20="","",INDEX(البيانات!$AJ$2:$AJ$265,A20))} -> تم الحظور
A21: {=IFERROR(SMALL(IF(البيانات!$AS$2:$AS$265="مستشفى جازان العام",البيانات!$AT$2:$AT$265),18),"")} -> 30 | B21: {=IF(A21="","",INDEX(البيانات!$V$2:$V$265,A21))} -> 1089244964 | C21: {=IF(A21="","",INDEX(البيانات!$U$2:$U$265,A21))} -> اريج قاسم علي الحفاف | D21: {=IF(A21="","",INDEX(البيانات!$T$2:$T$265,A21))} -> 0 | E21: {=IF(A21="","",INDEX(البيانات!$F$2:$F$265,A21))} -> القطاع المركزي | F21: {=IF(A21="","",INDEX(البيانات!$Y$2:$Y$265,A21))} -> 0556696317 | I21: {=IF(A21="","",INDEX(البيانات!$P$2:$P$265,A21))} -> 46091 | J21: {=IF(A21="","",INDEX(البيانات!$AI$2:$AI$265,A21))} -> 23/4/2026 | K21: =IF(OR(A21="",J21="",I21=""),"",IF(NETWORKDAYS.INTL(I21,J21,"0000011")-1<=2,"✅ ملتزم","❌ غير ملتزم")) -> ❌ غير ملتزم | L21: {=IF(A21="","",INDEX(البيانات!$AJ$2:$AJ$265,A21))} -> تم الحظور
A22: {=IFERROR(SMALL(IF(البيانات!$AS$2:$AS$265="مستشفى جازان العام",البيانات!$AT$2:$AT$265),19),"")} -> 31 | B22: {=IF(A22="","",INDEX(البيانات!$V$2:$V$265,A22))} -> 2491520140 | C22: {=IF(A22="","",INDEX(البيانات!$U$2:$U$265,A22))} -> Eman alsayed mohamed fayad | D22: {=IF(A22="","",INDEX(البيانات!$T$2:$T$265,A22))} -> 0 | E22: {=IF(A22="","",INDEX(البيانات!$F$2:$F$265,A22))} -> القطاع المركزي | F22: {=IF(A22="","",INDEX(البيانات!$Y$2:$Y$265,A22))} -> 0505104465 | I22: {=IF(A22="","",INDEX(البيانات!$P$2:$P$265,A22))} -> 46091 | J22: {=IF(A22="","",INDEX(البيانات!$AI$2:$AI$265,A22))} -> 19/3/2026 | K22: =IF(OR(A22="",J22="",I22=""),"",IF(NETWORKDAYS.INTL(I22,J22,"0000011")-1<=2,"✅ ملتزم","❌ غير ملتزم")) -> ❌ غير ملتزم | L22: {=IF(A22="","",INDEX(البيانات!$AJ$2:$AJ$265,A22))} -> تم الحظور
A23: {=IFERROR(SMALL(IF(البيانات!$AS$2:$AS$265="مستشفى جازان العام",البيانات!$AT$2:$AT$265),20),"")} -> 34 | B23: {=IF(A23="","",INDEX(البيانات!$V$2:$V$265,A23))} -> 1079527022 | C23: {=IF(A23="","",INDEX(البيانات!$U$2:$U$265,A23))} -> FATIMAH WALI ALI MAGHFURI | D23: {=IF(A23="","",INDEX(البيانات!$T$2:$T$265,A23))} -> 0 | E23: {=IF(A23="","",INDEX(البيانات!$F$2:$F$265,A23))} -> القطاع المركزي | F23: {=IF(A23="","",INDEX(البيانات!$Y$2:$Y$265,A23))} -> 0533487424 | I23: {=IF(A23="","",INDEX(البيانات!$P$2:$P$265,A23))} -> 46090 | J23: {=IF(A23="","",INDEX(البيانات!$AI$2:$AI$265,A23))} -> 19/3/2026 | K23: =IF(OR(A23="",J23="",I23=""),"",IF(NETWORKDAYS.INTL(I23,J23,"0000011")-1<=2,"✅ ملتزم","❌ غير ملتزم")) -> ❌ غير ملتزم | L23: {=IF(A23="","",INDEX(البيانات!$AJ$2:$AJ$265,A23))} -> تم الحظور
A24: {=IFERROR(SMALL(IF(البيانات!$AS$2:$AS$265="مستشفى جازان العام",البيانات!$AT$2:$AT$265),21),"")} -> 39 | B24: {=IF(A24="","",INDEX(البيانات!$V$2:$V$265,A24))} -> 1059980852 | C24: {=IF(A24="","",INDEX(البيانات!$U$2:$U$265,A24))} -> ثريا طاهر عبده حمدي | D24: {=IF(A24="","",INDEX(البيانات!$T$2:$T$265,A24))} -> 0 | E24: {=IF(A24="","",INDEX(البيانات!$F$2:$F$265,A24))} -> القطاع المركزي | F24: {=IF(A24="","",INDEX(البيانات!$Y$2:$Y$265,A24))} -> 0543864232 | I24: {=IF(A24="","",INDEX(البيانات!$P$2:$P$265,A24))} -> 46092 | J24: 46103 | K24: =IF(OR(A24="",J24="",I24=""),"",IF(NETWORKDAYS.INTL(I24,J24,"0000011")-1<=2,"✅ ملتزم","❌ غير ملتزم")) -> ❌ غير ملتزم | L24: {=IF(A24="","",INDEX(البيانات!$AJ$2:$AJ$265,A24))} -> تم الحظور
A25: {=IFERROR(SMALL(IF(البيانات!$AS$2:$AS$265="مستشفى جازان العام",البيانات!$AT$2:$AT$265),22),"")} -> 40 | B25: {=IF(A25="","",INDEX(البيانات!$V$2:$V$265,A25))} -> 1098022054 | C25: {=IF(A25="","",INDEX(البيانات!$U$2:$U$265,A25))} -> خديجه مفرح محمد المالكي | D25: {=IF(A25="","",INDEX(البيانات!$T$2:$T$265,A25))} -> 0 | E25: {=IF(A25="","",INDEX(البيانات!$F$2:$F$265,A25))} -> القطاع المركزي | F25: {=IF(A25="","",INDEX(البيانات!$Y$2:$Y$265,A25))} -> 0507740419 | I25: {=IF(A25="","",INDEX(البيانات!$P$2:$P$265,A25))} -> 46092 | J25: {=IF(A25="","",INDEX(البيانات!$AI$2:$AI$265,A25))} -> 16/3/2026 | K25: =IF(OR(A25="",J25="",I25=""),"",IF(NETWORKDAYS.INTL(I25,J25,"0000011")-1<=2,"✅ ملتزم","❌ غير ملتزم")) -> ❌ غير ملتزم | L25: {=IF(A25="","",INDEX(البيانات!$AJ$2:$AJ$265,A25))} -> تم الحظور
A26: {=IFERROR(SMALL(IF(البيانات!$AS$2:$AS$265="مستشفى جازان العام",البيانات!$AT$2:$AT$265),23),"")} -> 41 | B26: {=IF(A26="","",INDEX(البيانات!$V$2:$V$265,A26))} -> 1143229811 | C26: {=IF(A26="","",INDEX(البيانات!$U$2:$U$265,A26))} -> لميس حسن مغفوري | D26: {=IF(A26="","",INDEX(البيانات!$T$2:$T$265,A26))} -> 0 | E26: {=IF(A26="","",INDEX(البيانات!$F$2:$F$265,A26))} -> القطاع المركزي | F26: {=IF(A26="","",INDEX(البيانات!$Y$2:$Y$265,A26))} -> 0503617899 | I26: {=IF(A26="","",INDEX(البيانات!$P$2:$P$265,A26))} -> 46090 | J26: 46103 | K26: =IF(OR(A26="",J26="",I26=""),"",IF(NETWORKDAYS.INTL(I26,J26,"0000011")-1<=2,"✅ ملتزم","❌ غير ملتزم")) -> ❌ غير ملتزم | L26: {=IF(A26="","",INDEX(البيانات!$AJ$2:$AJ$265,A26))} -> تم الحظور
A27: {=IFERROR(SMALL(IF(البيانات!$AS$2:$AS$265="مستشفى جازان العام",البيانات!$AT$2:$AT$265),24),"")} -> 42 | B27: {=IF(A27="","",INDEX(البيانات!$V$2:$V$265,A27))} -> 1112084494 | C27: {=IF(A27="","",INDEX(البيانات!$U$2:$U$265,A27))} -> عائشة ولي بالقاسم مغفوري | D27: {=IF(A27="","",INDEX(البيانات!$T$2:$T$265,A27))} -> 0 | E27: {=IF(A27="","",INDEX(البيانات!$F$2:$F$265,A27))} -> القطاع المركزي | F27: {=IF(A27="","",INDEX(البيانات!$Y$2:$Y$265,A27))} -> 0533906126 | I27: {=IF(A27="","",INDEX(البيانات!$P$2:$P$265,A27))} -> 46092 | J27: 46099 | K27: =IF(OR(A27="",J27="",I27=""),"",IF(NETWORKDAYS.INTL(I27,J27,"0000011")-1<=2,"✅ ملتزم","❌ غير ملتزم")) -> ❌ غير ملتزم | L27: {=IF(A27="","",INDEX(البيانات!$AJ$2:$AJ$265,A27))} -> تم الحظور
A28: {=IFERROR(SMALL(IF(البيانات!$AS$2:$AS$265="مستشفى جازان العام",البيانات!$AT$2:$AT$265),25),"")} -> 43 | B28: {=IF(A28="","",INDEX(البيانات!$V$2:$V$265,A28))} -> 1130716325 | C28: {=IF(A28="","",INDEX(البيانات!$U$2:$U$265,A28))} -> SAMAH AHMED ALI KHARDALI | D28: {=IF(A28="","",INDEX(البيانات!$T$2:$T$265,A28))} -> 0 | E28: {=IF(A28="","",INDEX(البيانات!$F$2:$F$265,A28))} -> القطاع المركزي | F28: {=IF(A28="","",INDEX(البيانات!$Y$2:$Y$265,A28))} -> 0506294322 | I28: {=IF(A28="","",INDEX(البيانات!$P$2:$P$265,A28))} -> 46092 | J28: 46099 | K28: =IF(OR(A28="",J28="",I28=""),"",IF(NETWORKDAYS.INTL(I28,J28,"0000011")-1<=2,"✅ ملتزم","❌ غير ملتزم")) -> ❌ غير ملتزم | L28: {=IF(A28="","",INDEX(البيانات!$AJ$2:$AJ$265,A28))} -> لم تحضر وتم حجز موعد جديد 2/4/2026
A29: {=IFERROR(SMALL(IF(البيانات!$AS$2:$AS$265="مستشفى جازان العام",البيانات!$AT$2:$AT$265),26),"")} -> 44 | B29: {=IF(A29="","",INDEX(البيانات!$V$2:$V$265,A29))} -> 1099910513 | C29: {=IF(A29="","",INDEX(البيانات!$U$2:$U$265,A29))} -> IBTEHAJ ALI ABKAR AGIL | D29: {=IF(A29="","",INDEX(البيانات!$T$2:$T$265,A29))} -> 0 | E29: {=IF(A29="","",INDEX(البيانات!$F$2:$F$265,A29))} -> القطاع المركزي | F29: {=IF(A29="","",INDEX(البيانات!$Y$2:$Y$265,A29))} -> 0531115298 | I29: {=IF(A29="","",INDEX(البيانات!$P$2:$P$265,A29))} -> 46092 | J29: 46099 | K29: =IF(OR(A29="",J29="",I29=""),"",IF(NETWORKDAYS.INTL(I29,J29,"0000011")-1<=2,"✅ ملتزم","❌ غير ملتزم")) -> ❌ غير ملتزم | L29: {=IF(A29="","",INDEX(البيانات!$AJ$2:$AJ$265,A29))} -> تم الحظور
A30: {=IFERROR(SMALL(IF(البيانات!$AS$2:$AS$265="مستشفى جازان العام",البيانات!$AT$2:$AT$265),27),"")} -> 45 | B30: {=IF(A30="","",INDEX(البيانات!$V$2:$V$265,A30))} -> 1067399939 | C30: {=IF(A30="","",INDEX(البيانات!$U$2:$U$265,A30))} -> عائشة علي حكمي | D30: {=IF(A30="","",INDEX(البيانات!$T$2:$T$265,A30))} -> 0 | E30: {=IF(A30="","",INDEX(البيانات!$F$2:$F$265,A30))} -> القطاع المركزي | F30: {=IF(A30="","",INDEX(البيانات!$Y$2:$Y$265,A30))} -> 0554810728 | I30: {=IF(A30="","",INDEX(البيانات!$P$2:$P$265,A30))} -> 46092 | J30: {=IF(A30="","",INDEX(البيانات!$AI$2:$AI$265,A30))} -> 15/3/2026 | K30: =IF(OR(A30="",J30="",I30=""),"",IF(NETWORKDAYS.INTL(I30,J30,"0000011")-1<=2,"✅ ملتزم","❌ غير ملتزم")) -> ✅ ملتزم | L30: {=IF(A30="","",INDEX(البيانات!$AJ$2:$AJ$265,A30))} -> تم الحظور
A31: {=IFERROR(SMALL(IF(البيانات!$AS$2:$AS$265="مستشفى جازان العام",البيانات!$AT$2:$AT$265),28),"")} -> 47 | B31: {=IF(A31="","",INDEX(البيانات!$V$2:$V$265,A31))} -> 1079390033 | C31: {=IF(A31="","",INDEX(البيانات!$U$2:$U$265,A31))} -> فاطمة ولي مغفوري | D31: {=IF(A31="","",INDEX(البيانات!$T$2:$T$265,A31))} -> 0 | E31: {=IF(A31="","",INDEX(البيانات!$F$2:$F$265,A31))} -> القطاع المركزي | F31: {=IF(A31="","",INDEX(البيانات!$Y$2:$Y$265,A31))} -> 0551790141 | I31: {=IF(A31="","",INDEX(البيانات!$P$2:$P$265,A31))} -> 46092 | J31: {=IF(A31="","",INDEX(البيانات!$AI$2:$AI$265,A31))} -> 2/4/2026 | K31: =IF(OR(A31="",J31="",I31=""),"",IF(NETWORKDAYS.INTL(I31,J31,"0000011")-1<=2,"✅ ملتزم","❌ غير ملتزم")) -> ❌ غير ملتزم | L31: {=IF(A31="","",INDEX(البيانات!$AJ$2:$AJ$265,A31))} -> تم الحظور
A32: {=IFERROR(SMALL(IF(البيانات!$AS$2:$AS$265="مستشفى جازان العام",البيانات!$AT$2:$AT$265),29),"")} -> 52 | B32: {=IF(A32="","",INDEX(البيانات!$V$2:$V$265,A32))} -> 1076329596 | C32: {=IF(A32="","",INDEX(البيانات!$U$2:$U$265,A32))} -> رقيه علي محمد حكمي | D32: {=IF(A32="","",INDEX(البيانات!$T$2:$T$265,A32))} -> 0 | E32: {=IF(A32="","",INDEX(البيانات!$F$2:$F$265,A32))} -> القطاع المركزي | F32: {=IF(A32="","",INDEX(البيانات!$Y$2:$Y$265,A32))} -> 0556475731 | I32: {=IF(A32="","",INDEX(البيانات!$P$2:$P$265,A32))} -> 46096 | J32: {=IF(A32="","",INDEX(البيانات!$AI$2:$AI$265,A32))} -> 18/3/2026 | K32: =IF(OR(A32="",J32="",I32=""),"",IF(NETWORKDAYS.INTL(I32,J32,"0000011")-1<=2,"✅ ملتزم","❌ غير ملتزم")) -> ✅ ملتزم | L32: {=IF(A32="","",INDEX(البيانات!$AJ$2:$AJ$265,A32))} -> تم الحظور
A33: {=IFERROR(SMALL(IF(البيانات!$AS$2:$AS$265="مستشفى جازان العام",البيانات!$AT$2:$AT$265),30),"")} -> 54 | B33: {=IF(A33="","",INDEX(البيانات!$V$2:$V$265,A33))} -> 1112983141 | C33: {=IF(A33="","",INDEX(البيانات!$U$2:$U$265,A33))} -> شيخه محمد محسن دهمان | D33: {=IF(A33="","",INDEX(البيانات!$T$2:$T$265,A33))} -> 0 | E33: {=IF(A33="","",INDEX(البيانات!$F$2:$F$265,A33))} -> القطاع المركزي | F33: {=IF(A33="","",INDEX(البيانات!$Y$2:$Y$265,A33))} -> 0536522309 | I33: {=IF(A33="","",INDEX(البيانات!$P$2:$P$265,A33))} -> 46096 | J33: {=IF(A33="","",INDEX(البيانات!$AI$2:$AI$265,A33))} -> 19/3/2026 | K33: =IF(OR(A33="",J33="",I33=""),"",IF(NETWORKDAYS.INTL(I33,J33,"0000011")-1<=2,"✅ ملتزم","❌ غير ملتزم")) -> ❌ غير ملتزم | L33: {=IF(A33="","",INDEX(البيانات!$AJ$2:$AJ$265,A33))} -> تم الحظور
A34: {=IFERROR(SMALL(IF(البيانات!$AS$2:$AS$265="مستشفى جازان العام",البيانات!$AT$2:$AT$265),31),"")} -> 56 | B34: {=IF(A34="","",INDEX(البيانات!$V$2:$V$265,A34))} -> 1124972496 | C34: {=IF(A34="","",INDEX(البيانات!$U$2:$U$265,A34))} -> REHAM AMEN MUHAMAD GOHAL | D34: {=IF(A34="","",INDEX(البيانات!$T$2:$T$265,A34))} -> 0 | E34: {=IF(A34="","",INDEX(البيانات!$F$2:$F$265,A34))} -> القطاع المركزي | F34: {=IF(A34="","",INDEX(البيانات!$Y$2:$Y$265,A34))} -> 0507054257 | I34: {=IF(A34="","",INDEX(البيانات!$P$2:$P$265,A34))} -> 46097 | J34: {=IF(A34="","",INDEX(البيانات!$AI$2:$AI$265,A34))} -> 18/3/2026 | K34: =IF(OR(A34="",J34="",I34=""),"",IF(NETWORKDAYS.INTL(I34,J34,"0000011")-1<=2,"✅ ملتزم","❌ غير ملتزم")) -> ✅ ملتزم | L34: {=IF(A34="","",INDEX(البيانات!$AJ$2:$AJ$265,A34))} -> تم الحظور
A35: {=IFERROR(SMALL(IF(البيانات!$AS$2:$AS$265="مستشفى جازان العام",البيانات!$AT$2:$AT$265),32),"")} -> 57 | B35: {=IF(A35="","",INDEX(البيانات!$V$2:$V$265,A35))} -> 1067399939 | C35: {=IF(A35="","",INDEX(البيانات!$U$2:$U$265,A35))} -> عائشة علي حسين حكمي | D35: {=IF(A35="","",INDEX(البيانات!$T$2:$T$265,A35))} -> 0 | E35: {=IF(A35="","",INDEX(البيانات!$F$2:$F$265,A35))} -> القطاع المركزي | F35: {=IF(A35="","",INDEX(البيانات!$Y$2:$Y$265,A35))} -> 0554810728 | I35: {=IF(A35="","",INDEX(البيانات!$P$2:$P$265,A35))} -> 46097 | J35: {=IF(A35="","",INDEX(البيانات!$AI$2:$AI$265,A35))} -> 18/3/2026 | K35: =IF(OR(A35="",J35="",I35=""),"",IF(NETWORKDAYS.INTL(I35,J35,"0000011")-1<=2,"✅ ملتزم","❌ غير ملتزم")) -> ✅ ملتزم | L35: {=IF(A35="","",INDEX(البيانات!$AJ$2:$AJ$265,A35))} -> تم الحظور
A36: {=IFERROR(SMALL(IF(البيانات!$AS$2:$AS$265="مستشفى جازان العام",البيانات!$AT$2:$AT$265),33),"")} -> 58 | B36: {=IF(A36="","",INDEX(البيانات!$V$2:$V$265,A36))} -> 1086822606 | C36: {=IF(A36="","",INDEX(البيانات!$U$2:$U$265,A36))} -> KHULUD MOHAMMED JOBRAN JOBRAN | D36: {=IF(A36="","",INDEX(البيانات!$T$2:$T$265,A36))} -> 0 | E36: {=IF(A36="","",INDEX(البيانات!$F$2:$F$265,A36))} -> القطاع المركزي | F36: {=IF(A36="","",INDEX(البيانات!$Y$2:$Y$265,A36))} -> 0532932247 | I36: {=IF(A36="","",INDEX(البيانات!$P$2:$P$265,A36))} -> 46097 | J36: {=IF(A36="","",INDEX(البيانات!$AI$2:$AI$265,A36))} -> 18/3/2026 | K36: =IF(OR(A36="",J36="",I36=""),"",IF(NETWORKDAYS.INTL(I36,J36,"0000011")-1<=2,"✅ ملتزم","❌ غير ملتزم")) -> ✅ ملتزم | L36: {=IF(A36="","",INDEX(البيانات!$AJ$2:$AJ$265,A36))} -> تم الحظور
A37: {=IFERROR(SMALL(IF(البيانات!$AS$2:$AS$265="مستشفى جازان العام",البيانات!$AT$2:$AT$265),34),"")} -> 61 | B37: {=IF(A37="","",INDEX(البيانات!$V$2:$V$265,A37))} -> 1071453136 | C37: {=IF(A37="","",INDEX(البيانات!$U$2:$U$265,A37))} -> منى مهدي احمد حكمي | D37: {=IF(A37="","",INDEX(البيانات!$T$2:$T$265,A37))} -> 0 | E37: {=IF(A37="","",INDEX(البيانات!$F$2:$F$265,A37))} -> القطاع المركزي | F37: {=IF(A37="","",INDEX(البيانات!$Y$2:$Y$265,A37))} -> 0507412685 | I37: {=IF(A37="","",INDEX(البيانات!$P$2:$P$265,A37))} -> 46098 | J37: {=IF(A37="","",INDEX(البيانات!$AI$2:$AI$265,A37))} -> 18/3/2026 | K37: =IF(OR(A37="",J37="",I37=""),"",IF(NETWORKDAYS.INTL(I37,J37,"0000011")-1<=2,"✅ ملتزم","❌ غير ملتزم")) -> ✅ ملتزم | L37: {=IF(A37="","",INDEX(البيانات!$AJ$2:$AJ$265,A37))} -> تم الحظور
A38: {=IFERROR(SMALL(IF(البيانات!$AS$2:$AS$265="مستشفى جازان العام",البيانات!$AT$2:$AT$265),35),"")} -> 63 | B38: {=IF(A38="","",INDEX(البيانات!$V$2:$V$265,A38))} -> 1046769541 | C38: {=IF(A38="","",INDEX(البيانات!$U$2:$U$265,A38))} -> BADRIAH HUSSAIN ALI RUBAYYI | D38: {=IF(A38="","",INDEX(البيانات!$T$2:$T$265,A38))} -> 0 | E38: {=IF(A38="","",INDEX(البيانات!$F$2:$F$265,A38))} -> القطاع المركزي | F38: {=IF(A38="","",INDEX(البيانات!$Y$2:$Y$265,A38))} -> 0531157891 | I38: {=IF(A38="","",INDEX(البيانات!$P$2:$P$265,A38))} -> 46098 | J38: {=IF(A38="","",INDEX(البيانات!$AI$2:$AI$265,A38))} -> 19/3/2026 | K38: =IF(OR(A38="",J38="",I38=""),"",IF(NETWORKDAYS.INTL(I38,J38,"0000011")-1<=2,"✅ ملتزم","❌ غير ملتزم")) -> ✅ ملتزم | L38: {=IF(A38="","",INDEX(البيانات!$AJ$2:$AJ$265,A38))} -> تم الحظور
A39: {=IFERROR(SMALL(IF(البيانات!$AS$2:$AS$265="مستشفى جازان العام",البيانات!$AT$2:$AT$265),36),"")} -> 64 | B39: {=IF(A39="","",INDEX(البيانات!$V$2:$V$265,A39))} -> 1121662694 | C39: {=IF(A39="","",INDEX(البيانات!$U$2:$U$265,A39))} -> AMNAH MOHAMMED AHMED HIFTHI | D39: {=IF(A39="","",INDEX(البيانات!$T$2:$T$265,A39))} -> 0 | E39: {=IF(A39="","",INDEX(البيانات!$F$2:$F$265,A39))} -> القطاع المركزي | F39: {=IF(A39="","",INDEX(البيانات!$Y$2:$Y$265,A39))} -> 0550905278 | I39: {=IF(A39="","",INDEX(البيانات!$P$2:$P$265,A39))} -> 46099 | J39: {=IF(A39="","",INDEX(البيانات!$AI$2:$AI$265,A39))} -> 25/3/2026 | K39: =IF(OR(A39="",J39="",I39=""),"",IF(NETWORKDAYS.INTL(I39,J39,"0000011")-1<=2,"✅ ملتزم","❌ غير ملتزم")) -> ❌ غير ملتزم | L39: {=IF(A39="","",INDEX(البيانات!$AJ$2:$AJ$265,A39))} -> تم الحظور
A40: {=IFERROR(SMALL(IF(البيانات!$AS$2:$AS$265="مستشفى جازان العام",البيانات!$AT$2:$AT$265),37),"")} -> 70 | B40: {=IF(A40="","",INDEX(البيانات!$V$2:$V$265,A40))} -> 1077771630 | C40: {=IF(A40="","",INDEX(البيانات!$U$2:$U$265,A40))} -> فاطمة احمد قاسم مغفوري | D40: {=IF(A40="","",INDEX(البيانات!$T$2:$T$265,A40))} -> 0 | E40: {=IF(A40="","",INDEX(البيانات!$F$2:$F$265,A40))} -> القطاع المركزي | F40: {=IF(A40="","",INDEX(البيانات!$Y$2:$Y$265,A40))} -> 0533313722 | I40: {=IF(A40="","",INDEX(البيانات!$P$2:$P$265,A40))} -> 46106 | J40: {=IF(A40="","",INDEX(البيانات!$AI$2:$AI$265,A40))} -> 26/3/2026 | K40: =IF(OR(A40="",J40="",I40=""),"",IF(NETWORKDAYS.INTL(I40,J40,"0000011")-1<=2,"✅ ملتزم","❌ غير ملتزم")) -> ✅ ملتزم | L40: {=IF(A40="","",INDEX(البيانات!$AJ$2:$AJ$265,A40))} -> تم الحظور
A41: {=IFERROR(SMALL(IF(البيانات!$AS$2:$AS$265="مستشفى جازان العام",البيانات!$AT$2:$AT$265),38),"")} -> 73 | B41: {=IF(A41="","",INDEX(البيانات!$V$2:$V$265,A41))} -> 1081520718 | C41: {=IF(A41="","",INDEX(البيانات!$U$2:$U$265,A41))} -> بدريه علي محمد جلي | D41: {=IF(A41="","",INDEX(البيانات!$T$2:$T$265,A41))} -> 0 | E41: {=IF(A41="","",INDEX(البيانات!$F$2:$F$265,A41))} -> القطاع المركزي | F41: {=IF(A41="","",INDEX(البيانات!$Y$2:$Y$265,A41))} -> 0567774406 | I41: {=IF(A41="","",INDEX(البيانات!$P$2:$P$265,A41))} -> 46107 | J41: {=IF(A41="","",INDEX(البيانات!$AI$2:$AI$265,A41))} -> 1/4/2026 | K41: =IF(OR(A41="",J41="",I41=""),"",IF(NETWORKDAYS.INTL(I41,J41,"0000011")-1<=2,"✅ ملتزم","❌ غير ملتزم")) -> ❌ غير ملتزم | L41: {=IF(A41="","",INDEX(البيانات!$AJ$2:$AJ$265,A41))} -> تم الحضور
A42: {=IFERROR(SMALL(IF(البيانات!$AS$2:$AS$265="مستشفى جازان العام",البيانات!$AT$2:$AT$265),40),"")} -> 78 | B42: {=IF(A42="","",INDEX(البيانات!$V$2:$V$265,A42))} -> 2396444701 | C42: {=IF(A42="","",INDEX(البيانات!$U$2:$U$265,A42))} -> فوزية خالد حماد عمر | D42: {=IF(A42="","",INDEX(البيانات!$T$2:$T$265,A42))} -> 0 | E42: {=IF(A42="","",INDEX(البيانات!$F$2:$F$265,A42))} -> القطاع المركزي | F42: {=IF(A42="","",INDEX(البيانات!$Y$2:$Y$265,A42))} -> 0532804359 | I42: {=IF(A42="","",INDEX(البيانات!$P$2:$P$265,A42))} -> 46110 | J42: {=IF(A42="","",INDEX(البيانات!$AI$2:$AI$265,A42))} -> 31/3/2026 | K42: =IF(OR(A42="",J42="",I42=""),"",IF(NETWORKDAYS.INTL(I42,J42,"0000011")-1<=2,"✅ ملتزم","❌ غير ملتزم")) -> ✅ ملتزم | L42: {=IF(A42="","",INDEX(البيانات!$AJ$2:$AJ$265,A42))} -> تم الحضور
A43: {=IFERROR(SMALL(IF(البيانات!$AS$2:$AS$265="مستشفى جازان العام",البيانات!$AT$2:$AT$265),41),"")} -> 79 | B43: {=IF(A43="","",INDEX(البيانات!$V$2:$V$265,A43))} -> 1038283618 | C43: {=IF(A43="","",INDEX(البيانات!$U$2:$U$265,A43))} -> صفاء ناصر هوداني | D43: {=IF(A43="","",INDEX(البيانات!$T$2:$T$265,A43))} -> 0 | E43: {=IF(A43="","",INDEX(البيانات!$F$2:$F$265,A43))} -> القطاع المركزي | F43: {=IF(A43="","",INDEX(البيانات!$Y$2:$Y$265,A43))} -> 0536670662 | I43: {=IF(A43="","",INDEX(البيانات!$P$2:$P$265,A43))} -> 46110 | J43: {=IF(A43="","",INDEX(البيانات!$AI$2:$AI$265,A43))} -> 1/4/2026 | K43: =IF(OR(A43="",J43="",I43=""),"",IF(NETWORKDAYS.INTL(I43,J43,"0000011")-1<=2,"✅ ملتزم","❌ غير ملتزم")) -> ✅ ملتزم | L43: {=IF(A43="","",INDEX(البيانات!$AJ$2:$AJ$265,A43))} -> تم الحضور
A44: {=IFERROR(SMALL(IF(البيانات!$AS$2:$AS$265="مستشفى جازان العام",البيانات!$AT$2:$AT$265),42),"")} -> 80 | B44: {=IF(A44="","",INDEX(البيانات!$V$2:$V$265,A44))} -> 1093971875 | C44: {=IF(A44="","",INDEX(البيانات!$U$2:$U$265,A44))} -> ZAHRAH ABDULAZIZ MOSA JAFARI | D44: {=IF(A44="","",INDEX(البيانات!$T$2:$T$265,A44))} -> 0 | E44: {=IF(A44="","",INDEX(البيانات!$F$2:$F$265,A44))} -> القطاع المركزي | F44: {=IF(A44="","",INDEX(البيانات!$Y$2:$Y$265,A44))} -> 0535620967 | I44: {=IF(A44="","",INDEX(البيانات!$P$2:$P$265,A44))} -> 46110 | J44: {=IF(A44="","",INDEX(البيانات!$AI$2:$AI$265,A44))} -> 30/3/2026 | K44: =IF(OR(A44="",J44="",I44=""),"",IF(NETWORKDAYS.INTL(I44,J44,"0000011")-1<=2,"✅ ملتزم","❌ غير ملتزم")) -> ✅ ملتزم | L44: {=IF(A44="","",INDEX(البيانات!$AJ$2:$AJ$265,A44))} -> تم الحضور
A45: {=IFERROR(SMALL(IF(البيانات!$AS$2:$AS$265="مستشفى جازان العام",البيانات!$AT$2:$AT$265),43),"")} -> 81 | B45: {=IF(A45="","",INDEX(البيانات!$V$2:$V$265,A45))} -> 1081844332 | C45: {=IF(A45="","",INDEX(البيانات!$U$2:$U$265,A45))} -> عايشة حسن كعبي | D45: {=IF(A45="","",INDEX(البيانات!$T$2:$T$265,A45))} -> 0 | E45: {=IF(A45="","",INDEX(البيانات!$F$2:$F$265,A45))} -> القطاع المركزي | F45: {=IF(A45="","",INDEX(البيانات!$Y$2:$Y$265,A45))} -> 0554734665 | I45: {=IF(A45="","",INDEX(البيانات!$P$2:$P$265,A45))} -> 46110 | J45: {=IF(A45="","",INDEX(البيانات!$AI$2:$AI$265,A45))} -> 31/3/2026 | K45: =IF(OR(A45="",J45="",I45=""),"",IF(NETWORKDAYS.INTL(I45,J45,"0000011")-1<=2,"✅ ملتزم","❌ غير ملتزم")) -> ✅ ملتزم | L45: {=IF(A45="","",INDEX(البيانات!$AJ$2:$AJ$265,A45))} -> تم الحضور
A46: {=IFERROR(SMALL(IF(البيانات!$AS$2:$AS$265="مستشفى جازان العام",البيانات!$AT$2:$AT$265),44),"")} -> 87 | B46: {=IF(A46="","",INDEX(البيانات!$V$2:$V$265,A46))} -> 1096368681 | C46: {=IF(A46="","",INDEX(البيانات!$U$2:$U$265,A46))} -> نوف جبريل محمد مسلط | D46: {=IF(A46="","",INDEX(البيانات!$T$2:$T$265,A46))} -> 0 | E46: {=IF(A46="","",INDEX(البيانات!$F$2:$F$265,A46))} -> القطاع المركزي | F46: {=IF(A46="","",INDEX(البيانات!$Y$2:$Y$265,A46))} -> 0501805894 | I46: {=IF(A46="","",INDEX(البيانات!$P$2:$P$265,A46))} -> 46111 | J46: {=IF(A46="","",INDEX(البيانات!$AI$2:$AI$265,A46))} -> 1/4/2026 | K46: =IF(OR(A46="",J46="",I46=""),"",IF(NETWORKDAYS.INTL(I46,J46,"0000011")-1<=2,"✅ ملتزم","❌ غير ملتزم")) -> ✅ ملتزم | L46: {=IF(A46="","",INDEX(البيانات!$AJ$2:$AJ$265,A46))} -> تم الحضور
A47: {=IFERROR(SMALL(IF(البيانات!$AS$2:$AS$265="مستشفى جازان العام",البيانات!$AT$2:$AT$265),45),"")} -> 88 | B47: {=IF(A47="","",INDEX(البيانات!$V$2:$V$265,A47))} -> 1086837117 | C47: {=IF(A47="","",INDEX(البيانات!$U$2:$U$265,A47))} -> ليلى حيدر محمد الشريف | D47: {=IF(A47="","",INDEX(البيانات!$T$2:$T$265,A47))} -> 0 | E47: {=IF(A47="","",INDEX(البيانات!$F$2:$F$265,A47))} -> القطاع المركزي | F47: {=IF(A47="","",INDEX(البيانات!$Y$2:$Y$265,A47))} -> 0501967093 | I47: {=IF(A47="","",INDEX(البيانات!$P$2:$P$265,A47))} -> 46111 | J47: {=IF(A47="","",INDEX(البيانات!$AI$2:$AI$265,A47))} -> 1/4/2026 | K47: =IF(OR(A47="",J47="",I47=""),"",IF(NETWORKDAYS.INTL(I47,J47,"0000011")-1<=2,"✅ ملتزم","❌ غير ملتزم")) -> ✅ ملتزم | L47: {=IF(A47="","",INDEX(البيانات!$AJ$2:$AJ$265,A47))} -> تم الحضور
A48: {=IFERROR(SMALL(IF(البيانات!$AS$2:$AS$265="مستشفى جازان العام",البيانات!$AT$2:$AT$265),46),"")} -> 89 | B48: {=IF(A48="","",INDEX(البيانات!$V$2:$V$265,A48))} -> 1078627823 | C48: {=IF(A48="","",INDEX(البيانات!$U$2:$U$265,A48))} -> همس محمد جبران | D48: {=IF(A48="","",INDEX(البيانات!$T$2:$T$265,A48))} -> 0 | E48: {=IF(A48="","",INDEX(البيانات!$F$2:$F$265,A48))} -> القطاع المركزي | F48: {=IF(A48="","",INDEX(البيانات!$Y$2:$Y$265,A48))} -> 0533880737 | I48: {=IF(A48="","",INDEX(البيانات!$P$2:$P$265,A48))} -> 46111 | J48: {=IF(A48="","",INDEX(البيانات!$AI$2:$AI$265,A48))} -> 1/4/2026 | K48: =IF(OR(A48="",J48="",I48=""),"",IF(NETWORKDAYS.INTL(I48,J48,"0000011")-1<=2,"✅ ملتزم","❌ غير ملتزم")) -> ✅ ملتزم | L48: {=IF(A48="","",INDEX(البيانات!$AJ$2:$AJ$265,A48))} -> تم الحضور
A49: {=IFERROR(SMALL(IF(البيانات!$AS$2:$AS$265="مستشفى جازان العام",البيانات!$AT$2:$AT$265),47),"")} -> 90 | B49: {=IF(A49="","",INDEX(البيانات!$V$2:$V$265,A49))} -> 1112354889 | C49: {=IF(A49="","",INDEX(البيانات!$U$2:$U$265,A49))} -> فاتن ابراهيم اسماعيل العاكش | D49: {=IF(A49="","",INDEX(البيانات!$T$2:$T$265,A49))} -> 0 | E49: {=IF(A49="","",INDEX(البيانات!$F$2:$F$265,A49))} -> القطاع المركزي | F49: {=IF(A49="","",INDEX(البيانات!$Y$2:$Y$265,A49))} -> 0552724512 | I49: {=IF(A49="","",INDEX(البيانات!$P$2:$P$265,A49))} -> 46111 | J49: {=IF(A49="","",INDEX(البيانات!$AI$2:$AI$265,A49))} -> 1/4/2026 | K49: =IF(OR(A49="",J49="",I49=""),"",IF(NETWORKDAYS.INTL(I49,J49,"0000011")-1<=2,"✅ ملتزم","❌ غير ملتزم")) -> ✅ ملتزم | L49: {=IF(A49="","",INDEX(البيانات!$AJ$2:$AJ$265,A49))} -> تم الحضور
A50: {=IFERROR(SMALL(IF(البيانات!$AS$2:$AS$265="مستشفى جازان العام",البيانات!$AT$2:$AT$265),48),"")} -> 94 | B50: {=IF(A50="","",INDEX(البيانات!$V$2:$V$265,A50))} -> 2351094525 | C50: {=IF(A50="","",INDEX(البيانات!$U$2:$U$265,A50))} -> geehan mohammed jaafer | D50: {=IF(A50="","",INDEX(البيانات!$T$2:$T$265,A50))} -> 0 | E50: {=IF(A50="","",INDEX(البيانات!$F$2:$F$265,A50))} -> القطاع المركزي | F50: {=IF(A50="","",INDEX(البيانات!$Y$2:$Y$265,A50))} -> 0533735547 | I50: {=IF(A50="","",INDEX(البيانات!$P$2:$P$265,A50))} -> 46111 | J50: {=IF(A50="","",INDEX(البيانات!$AI$2:$AI$265,A50))} -> 1/4/2026 | K50: =IF(OR(A50="",J50="",I50=""),"",IF(NETWORKDAYS.INTL(I50,J50,"0000011")-1<=2,"✅ ملتزم","❌ غير ملتزم")) -> ✅ ملتزم | L50: {=IF(A50="","",INDEX(البيانات!$AJ$2:$AJ$265,A50))} -> تم الحضور
A51: {=IFERROR(SMALL(IF(البيانات!$AS$2:$AS$265="مستشفى جازان العام",البيانات!$AT$2:$AT$265),49),"")} -> 96 | B51: {=IF(A51="","",INDEX(البيانات!$V$2:$V$265,A51))} -> 1103225635 | C51: {=IF(A51="","",INDEX(البيانات!$U$2:$U$265,A51))} -> JAWAHER ABDULAZIZ ABDULATHIM MAHMOUD | D51: {=IF(A51="","",INDEX(البيانات!$T$2:$T$265,A51))} -> 0 | E51: {=IF(A51="","",INDEX(البيانات!$F$2:$F$265,A51))} -> القطاع المركزي | F51: {=IF(A51="","",INDEX(البيانات!$Y$2:$Y$265,A51))} -> 0550971142 | I51: {=IF(A51="","",INDEX(البيانات!$P$2:$P$265,A51))} -> 46111 | J51: {=IF(A51="","",INDEX(البيانات!$AI$2:$AI$265,A51))} -> 1/4/2026 | K51: =IF(OR(A51="",J51="",I51=""),"",IF(NETWORKDAYS.INTL(I51,J51,"0000011")-1<=2,"✅ ملتزم","❌ غير ملتزم")) -> ✅ ملتزم | L51: {=IF(A51="","",INDEX(البيانات!$AJ$2:$AJ$265,A51))} -> لم يتم الرد
A52: {=IFERROR(SMALL(IF(البيانات!$AS$2:$AS$265="مستشفى جازان العام",البيانات!$AT$2:$AT$265),50),"")} -> 98 | B52: {=IF(A52="","",INDEX(البيانات!$V$2:$V$265,A52))} -> 1099762732 | C52: {=IF(A52="","",INDEX(البيانات!$U$2:$U$265,A52))} -> SARAB ALI HAKAMY | D52: {=IF(A52="","",INDEX(البيانات!$T$2:$T$265,A52))} -> 0 | E52: {=IF(A52="","",INDEX(البيانات!$F$2:$F$265,A52))} -> القطاع المركزي | F52: {=IF(A52="","",INDEX(البيانات!$Y$2:$Y$265,A52))} -> 0536561328 | I52: {=IF(A52="","",INDEX(البيانات!$P$2:$P$265,A52))} -> 46112 | J52: {=IF(A52="","",INDEX(البيانات!$AI$2:$AI$265,A52))} -> 1/4/2026 | K52: =IF(OR(A52="",J52="",I52=""),"",IF(NETWORKDAYS.INTL(I52,J52,"0000011")-1<=2,"✅ ملتزم","❌ غير ملتزم")) -> ✅ ملتزم | L52: {=IF(A52="","",INDEX(البيانات!$AJ$2:$AJ$265,A52))} -> لم يتم الرد
A53: {=IFERROR(SMALL(IF(البيانات!$AS$2:$AS$265="مستشفى جازان العام",البيانات!$AT$2:$AT$265),51),"")} -> 100 | B53: {=IF(A53="","",INDEX(البيانات!$V$2:$V$265,A53))} -> 1112079874 | C53: {=IF(A53="","",INDEX(البيانات!$U$2:$U$265,A53))} -> FATIMA IBRAHIM | D53: {=IF(A53="","",INDEX(البيانات!$T$2:$T$265,A53))} -> 0 | E53: {=IF(A53="","",INDEX(البيانات!$F$2:$F$265,A53))} -> القطاع المركزي | F53: {=IF(A53="","",INDEX(البيانات!$Y$2:$Y$265,A53))} -> 0530464607 | I53: {=IF(A53="","",INDEX(البيانات!$P$2:$P$265,A53))} -> 46112 | J53: {=IF(A53="","",INDEX(البيانات!$AI$2:$AI$265,A53))} -> 1/4/2026 | K53: =IF(OR(A53="",J53="",I53=""),"",IF(NETWORKDAYS.INTL(I53,J53,"0000011")-1<=2,"✅ ملتزم","❌ غير ملتزم")) -> ✅ ملتزم | L53: {=IF(A53="","",INDEX(البيانات!$AJ$2:$AJ$265,A53))} -> تم الحضور
A54: {=IFERROR(SMALL(IF(البيانات!$AS$2:$AS$265="مستشفى جازان العام",البيانات!$AT$2:$AT$265),52),"")} -> 101 | B54: {=IF(A54="","",INDEX(البيانات!$V$2:$V$265,A54))} -> 1068233848 | C54: {=IF(A54="","",INDEX(البيانات!$U$2:$U$265,A54))} -> RAJA OMER | D54: {=IF(A54="","",INDEX(البيانات!$T$2:$T$265,A54))} -> 0 | E54: {=IF(A54="","",INDEX(البيانات!$F$2:$F$265,A54))} -> القطاع المركزي | F54: {=IF(A54="","",INDEX(البيانات!$Y$2:$Y$265,A54))} -> 0535400811 | I54: {=IF(A54="","",INDEX(البيانات!$P$2:$P$265,A54))} -> 46112 | J54: {=IF(A54="","",INDEX(البيانات!$AI$2:$AI$265,A54))} -> 1/4/2026 | K54: =IF(OR(A54="",J54="",I54=""),"",IF(NETWORKDAYS.INTL(I54,J54,"0000011")-1<=2,"✅ ملتزم","❌ غير ملتزم")) -> ✅ ملتزم | L54: {=IF(A54="","",INDEX(البيانات!$AJ$2:$AJ$265,A54))} -> تم الحضور
A55: {=IFERROR(SMALL(IF(البيانات!$AS$2:$AS$265="مستشفى جازان العام",البيانات!$AT$2:$AT$265),53),"")} -> 102 | B55: {=IF(A55="","",INDEX(البيانات!$V$2:$V$265,A55))} -> 2629412558 | C55: {=IF(A55="","",INDEX(البيانات!$U$2:$U$265,A55))} -> KULUD AHMED | D55: {=IF(A55="","",INDEX(البيانات!$T$2:$T$265,A55))} -> 0 | E55: {=IF(A55="","",INDEX(البيانات!$F$2:$F$265,A55))} -> القطاع المركزي | F55: {=IF(A55="","",INDEX(البيانات!$Y$2:$Y$265,A55))} -> 0533769399 | I55: {=IF(A55="","",INDEX(البيانات!$P$2:$P$265,A55))} -> 46112 | J55: {=IF(A55="","",INDEX(البيانات!$AI$2:$AI$265,A55))} -> 1/4/2026 | K55: =IF(OR(A55="",J55="",I55=""),"",IF(NETWORKDAYS.INTL(I55,J55,"0000011")-1<=2,"✅ ملتزم","❌ غير ملتزم")) -> ✅ ملتزم | L55: {=IF(A55="","",INDEX(البيانات!$AJ$2:$AJ$265,A55))} -> تم الحضور
A56: {=IFERROR(SMALL(IF(البيانات!$AS$2:$AS$265="مستشفى جازان العام",البيانات!$AT$2:$AT$265),54),"")} -> 104 | B56: {=IF(A56="","",INDEX(البيانات!$V$2:$V$265,A56))} -> 1078210844 | C56: {=IF(A56="","",INDEX(البيانات!$U$2:$U$265,A56))} -> NORAH ARWAD | D56: {=IF(A56="","",INDEX(البيانات!$T$2:$T$265,A56))} -> 36 | E56: {=IF(A56="","",INDEX(البيانات!$F$2:$F$265,A56))} -> القطاع المركزي | F56: {=IF(A56="","",INDEX(البيانات!$Y$2:$Y$265,A56))} -> 0559165210 | I56: {=IF(A56="","",INDEX(البيانات!$P$2:$P$265,A56))} -> 46112 | J56: {=IF(A56="","",INDEX(البيانات!$AI$2:$AI$265,A56))} -> 1/4/2026 | K56: =IF(OR(A56="",J56="",I56=""),"",IF(NETWORKDAYS.INTL(I56,J56,"0000011")-1<=2,"✅ ملتزم","❌ غير ملتزم")) -> ✅ ملتزم | L56: {=IF(A56="","",INDEX(البيانات!$AJ$2:$AJ$265,A56))} -> تم الحضور
A57: {=IFERROR(SMALL(IF(البيانات!$AS$2:$AS$265="مستشفى جازان العام",البيانات!$AT$2:$AT$265),55),"")} -> 110 | B57: {=IF(A57="","",INDEX(البيانات!$V$2:$V$265,A57))} -> 1042803070 | C57: {=IF(A57="","",INDEX(البيانات!$U$2:$U$265,A57))} -> WUSHAYLAH MOFAREH BIN YAHYA MUFDI | D57: {=IF(A57="","",INDEX(البيانات!$T$2:$T$265,A57))} -> 39 | E57: {=IF(A57="","",INDEX(البيانات!$F$2:$F$265,A57))} -> القطاع الجبلي Aljabaly Sector | F57: {=IF(A57="","",INDEX(البيانات!$Y$2:$Y$265,A57))} -> 0557493829 | I57: {=IF(A57="","",INDEX(البيانات!$P$2:$P$265,A57))} -> 46113 | J57: {=IF(A57="","",INDEX(البيانات!$AI$2:$AI$265,A57))} -> 46114 | K57: =IF(OR(A57="",J57="",I57=""),"",IF(NETWORKDAYS.INTL(I57,J57,"0000011")-1<=2,"✅ ملتزم","❌ غير ملتزم")) -> ✅ ملتزم | L57: {=IF(A57="","",INDEX(البيانات!$AJ$2:$AJ$265,A57))} -> حضرت
A58: {=IFERROR(SMALL(IF(البيانات!$AS$2:$AS$265="مستشفى جازان العام",البيانات!$AT$2:$AT$265),56),"")} -> 114 | B58: {=IF(A58="","",INDEX(البيانات!$V$2:$V$265,A58))} -> 1131498006 | C58: {=IF(A58="","",INDEX(البيانات!$U$2:$U$265,A58))} -> KHADEJA AHMED ALI SARWI | D58: {=IF(A58="","",INDEX(البيانات!$T$2:$T$265,A58))} -> 34 | E58: {=IF(A58="","",INDEX(البيانات!$F$2:$F$265,A58))} -> القطاع الأوسط Middle Sector | F58: {=IF(A58="","",INDEX(البيانات!$Y$2:$Y$265,A58))} -> 0504465903 | I58: {=IF(A58="","",INDEX(البيانات!$P$2:$P$265,A58))} -> 46114 | J58: {=IF(A58="","",INDEX(البيانات!$AI$2:$AI$265,A58))} -> 46118 | K58: =IF(OR(A58="",J58="",I58=""),"",IF(NETWORKDAYS.INTL(I58,J58,"0000011")-1<=2,"✅ ملتزم","❌ غير ملتزم")) -> ✅ ملتزم | L58: {=IF(A58="","",INDEX(البيانات!$AJ$2:$AJ$265,A58))} -> حضرت
A59: {=IFERROR(SMALL(IF(البيانات!$AS$2:$AS$265="مستشفى جازان العام",البيانات!$AT$2:$AT$265),57),"")} -> 116 | B59: {=IF(A59="","",INDEX(البيانات!$V$2:$V$265,A59))} -> 1083600526 | C59: {=IF(A59="","",INDEX(البيانات!$U$2:$U$265,A59))} -> laila zowalan hawas | D59: {=IF(A59="","",INDEX(البيانات!$T$2:$T$265,A59))} -> 39 | E59: {=IF(A59="","",INDEX(البيانات!$F$2:$F$265,A59))} -> القطاع الجبلي Aljabaly Sector | F59: {=IF(A59="","",INDEX(البيانات!$Y$2:$Y$265,A59))} -> 558710894 | I59: {=IF(A59="","",INDEX(البيانات!$P$2:$P$265,A59))} -> 46114 | J59: {=IF(A59="","",INDEX(البيانات!$AI$2:$AI$265,A59))} -> 46121 | K59: =IF(OR(A59="",J59="",I59=""),"",IF(NETWORKDAYS.INTL(I59,J59,"0000011")-1<=2,"✅ ملتزم","❌ غير ملتزم")) -> ❌ غير ملتزم | L59: {=IF(A59="","",INDEX(البيانات!$AJ$2:$AJ$265,A59))} -> حضرت
A60: {=IFERROR(SMALL(IF(البيانات!$AS$2:$AS$265="مستشفى جازان العام",البيانات!$AT$2:$AT$265),58),"")} -> 117 | B60: {=IF(A60="","",INDEX(البيانات!$V$2:$V$265,A60))} -> 1102804414 | C60: {=IF(A60="","",INDEX(البيانات!$U$2:$U$265,A60))} -> عفراء حيدر عبده حكمي | D60: {=IF(A60="","",INDEX(البيانات!$T$2:$T$265,A60))} -> 29 | E60: {=IF(A60="","",INDEX(البيانات!$F$2:$F$265,A60))} -> القطاع المركزي Central Sector | F60: {=IF(A60="","",INDEX(البيانات!$Y$2:$Y$265,A60))} -> 559860193 | I60: {=IF(A60="","",INDEX(البيانات!$P$2:$P$265,A60))} -> 46117 | J60: {=IF(A60="","",INDEX(البيانات!$AI$2:$AI$265,A60))} -> 46121 | K60: =IF(OR(A60="",J60="",I60=""),"",IF(NETWORKDAYS.INTL(I60,J60,"0000011")-1<=2,"✅ ملتزم","❌ غير ملتزم")) -> ❌ غير ملتزم | L60: {=IF(A60="","",INDEX(البيانات!$AJ$2:$AJ$265,A60))} -> لم تحضر
A61: {=IFERROR(SMALL(IF(البيانات!$AS$2:$AS$265="مستشفى جازان العام",البيانات!$AT$2:$AT$265),59),"")} -> 118 | B61: {=IF(A61="","",INDEX(البيانات!$V$2:$V$265,A61))} -> 1110832035 | C61: {=IF(A61="","",INDEX(البيانات!$U$2:$U$265,A61))} -> LAILA JABER ALI ADLAN | D61: {=IF(A61="","",INDEX(البيانات!$T$2:$T$265,A61))} -> 26 | E61: {=IF(A61="","",INDEX(البيانات!$F$2:$F$265,A61))} -> القطاع الغربي Western Sector | F61: {=IF(A61="","",INDEX(البيانات!$Y$2:$Y$265,A61))} -> 0504861278 | I61: {=IF(A61="","",INDEX(البيانات!$P$2:$P$265,A61))} -> 46117 | J61: {=IF(A61="","",INDEX(البيانات!$AI$2:$AI$265,A61))} -> 46128 | K61: =IF(OR(A61="",J61="",I61=""),"",IF(NETWORKDAYS.INTL(I61,J61,"0000011")-1<=2,"✅ ملتزم","❌ غير ملتزم")) -> ❌ غير ملتزم | L61: {=IF(A61="","",INDEX(البيانات!$AJ$2:$AJ$265,A61))} -> تراجع بمستشفى اخر
A62: {=IFERROR(SMALL(IF(البيانات!$AS$2:$AS$265="مستشفى جازان العام",البيانات!$AT$2:$AT$265),60),"")} -> 119 | B62: {=IF(A62="","",INDEX(البيانات!$V$2:$V$265,A62))} -> 1012673784 | C62: {=IF(A62="","",INDEX(البيانات!$U$2:$U$265,A62))} -> خجة محمد حكمي | D62: {=IF(A62="","",INDEX(البيانات!$T$2:$T$265,A62))} -> 43 | E62: {=IF(A62="","",INDEX(البيانات!$F$2:$F$265,A62))} -> القطاع المركزي Central Sector | F62: {=IF(A62="","",INDEX(البيانات!$Y$2:$Y$265,A62))} -> 0509578967 | I62: {=IF(A62="","",INDEX(البيانات!$P$2:$P$265,A62))} -> 46117 | J62: {=IF(A62="","",INDEX(البيانات!$AI$2:$AI$265,A62))} -> 46121 | K62: =IF(OR(A62="",J62="",I62=""),"",IF(NETWORKDAYS.INTL(I62,J62,"0000011")-1<=2,"✅ ملتزم","❌ غير ملتزم")) -> ❌ غير ملتزم | L62: {=IF(A62="","",INDEX(البيانات!$AJ$2:$AJ$265,A62))} -> حضرت
A63: {=IFERROR(SMALL(IF(البيانات!$AS$2:$AS$265="مستشفى جازان العام",البيانات!$AT$2:$AT$265),61),"")} -> 120 | B63: {=IF(A63="","",INDEX(البيانات!$V$2:$V$265,A63))} -> 1085003786 | C63: {=IF(A63="","",INDEX(البيانات!$U$2:$U$265,A63))} -> فاطمة علي حكمي | D63: {=IF(A63="","",INDEX(البيانات!$T$2:$T$265,A63))} -> 32 | E63: {=IF(A63="","",INDEX(البيانات!$F$2:$F$265,A63))} -> القطاع المركزي Central Sector | F63: {=IF(A63="","",INDEX(البيانات!$Y$2:$Y$265,A63))} -> 566787054 | I63: {=IF(A63="","",INDEX(البيانات!$P$2:$P$265,A63))} -> 46117 | J63: {=IF(A63="","",INDEX(البيانات!$AI$2:$AI$265,A63))} -> 46121 | K63: =IF(OR(A63="",J63="",I63=""),"",IF(NETWORKDAYS.INTL(I63,J63,"0000011")-1<=2,"✅ ملتزم","❌ غير ملتزم")) -> ❌ غير ملتزم | L63: {=IF(A63="","",INDEX(البيانات!$AJ$2:$AJ$265,A63))} -> حضرت
A64: {=IFERROR(SMALL(IF(البيانات!$AS$2:$AS$265="مستشفى جازان العام",البيانات!$AT$2:$AT$265),62),"")} -> 122 | B64: {=IF(A64="","",INDEX(البيانات!$V$2:$V$265,A64))} -> 1064754193 | C64: {=IF(A64="","",INDEX(البيانات!$U$2:$U$265,A64))} -> اميرة حسن عيسى حكمي | D64: {=IF(A64="","",INDEX(البيانات!$T$2:$T$265,A64))} -> 36 | E64: {=IF(A64="","",INDEX(البيانات!$F$2:$F$265,A64))} -> القطاع المركزي Central Sector | F64: {=IF(A64="","",INDEX(البيانات!$Y$2:$Y$265,A64))} -> 0544499430 | I64: {=IF(A64="","",INDEX(البيانات!$P$2:$P$265,A64))} -> 46117 | J64: {=IF(A64="","",INDEX(البيانات!$AI$2:$AI$265,A64))} -> 46121 | K64: =IF(OR(A64="",J64="",I64=""),"",IF(NETWORKDAYS.INTL(I64,J64,"0000011")-1<=2,"✅ ملتزم","❌ غير ملتزم")) -> ❌ غير ملتزم | L64: {=IF(A64="","",INDEX(البيانات!$AJ$2:$AJ$265,A64))} -> حضرت
A65: {=IFERROR(SMALL(IF(البيانات!$AS$2:$AS$265="مستشفى جازان العام",البيانات!$AT$2:$AT$265),63),"")} -> 123 | B65: {=IF(A65="","",INDEX(البيانات!$V$2:$V$265,A65))} -> 1098360264 | C65: {=IF(A65="","",INDEX(البيانات!$U$2:$U$265,A65))} -> AMAL MUSHARI ALKHAIRAT | D65: {=IF(A65="","",INDEX(البيانات!$T$2:$T$265,A65))} -> 29 | E65: {=IF(A65="","",INDEX(البيانات!$F$2:$F$265,A65))} -> القطاع المركزي Central Sector | F65: {=IF(A65="","",INDEX(البيانات!$Y$2:$Y$265,A65))} -> 0509699289 | I65: {=IF(A65="","",INDEX(البيانات!$P$2:$P$265,A65))} -> 46117 | J65: {=IF(A65="","",INDEX(البيانات!$AI$2:$AI$265,A65))} -> 46121 | K65: =IF(OR(A65="",J65="",I65=""),"",IF(NETWORKDAYS.INTL(I65,J65,"0000011")-1<=2,"✅ ملتزم","❌ غير ملتزم")) -> ❌ غير ملتزم | L65: {=IF(A65="","",INDEX(البيانات!$AJ$2:$AJ$265,A65))} -> حضرت
A66: {=IFERROR(SMALL(IF(البيانات!$AS$2:$AS$265="مستشفى جازان العام",البيانات!$AT$2:$AT$265),64),"")} -> 131 | B66: {=IF(A66="","",INDEX(البيانات!$V$2:$V$265,A66))} -> 1100678240 | C66: {=IF(A66="","",INDEX(البيانات!$U$2:$U$265,A66))} -> لطيفه علي موسى حيدر | D66: {=IF(A66="","",INDEX(البيانات!$T$2:$T$265,A66))} -> 28 | E66: {=IF(A66="","",INDEX(البيانات!$F$2:$F$265,A66))} -> القطاع الغربي Western Sector | F66: {=IF(A66="","",INDEX(البيانات!$Y$2:$Y$265,A66))} -> 0538724440 | I66: {=IF(A66="","",INDEX(البيانات!$P$2:$P$265,A66))} -> 46119 | J66: {=IF(A66="","",INDEX(البيانات!$AI$2:$AI$265,A66))} -> 46121 | K66: =IF(OR(A66="",J66="",I66=""),"",IF(NETWORKDAYS.INTL(I66,J66,"0000011")-1<=2,"✅ ملتزم","❌ غير ملتزم")) -> ✅ ملتزم | L66: {=IF(A66="","",INDEX(البيانات!$AJ$2:$AJ$265,A66))} -> حضرت
A67: {=IFERROR(SMALL(IF(البيانات!$AS$2:$AS$265="مستشفى جازان العام",البيانات!$AT$2:$AT$265),65),"")} -> 134 | B67: {=IF(A67="","",INDEX(البيانات!$V$2:$V$265,A67))} -> 1099873398 | C67: {=IF(A67="","",INDEX(البيانات!$U$2:$U$265,A67))} -> SHYMAA EISAA ALI | D67: {=IF(A67="","",INDEX(البيانات!$T$2:$T$265,A67))} -> 38 | E67: {=IF(A67="","",INDEX(البيانات!$F$2:$F$265,A67))} -> القطاع المركزي Central Sector | F67: {=IF(A67="","",INDEX(البيانات!$Y$2:$Y$265,A67))} -> 0532552417 | I67: {=IF(A67="","",INDEX(البيانات!$P$2:$P$265,A67))} -> 46119 | J67: {=IF(A67="","",INDEX(البيانات!$AI$2:$AI$265,A67))} -> 46121 | K67: =IF(OR(A67="",J67="",I67=""),"",IF(NETWORKDAYS.INTL(I67,J67,"0000011")-1<=2,"✅ ملتزم","❌ غير ملتزم")) -> ✅ ملتزم | L67: {=IF(A67="","",INDEX(البيانات!$AJ$2:$AJ$265,A67))} -> حضرت
A68: {=IFERROR(SMALL(IF(البيانات!$AS$2:$AS$265="مستشفى جازان العام",البيانات!$AT$2:$AT$265),66),"")} -> 135 | B68: {=IF(A68="","",INDEX(البيانات!$V$2:$V$265,A68))} -> 1112003148 | C68: {=IF(A68="","",INDEX(البيانات!$U$2:$U$265,A68))} -> ZARAH MOFAREH ALI SUHLULI | D68: {=IF(A68="","",INDEX(البيانات!$T$2:$T$265,A68))} -> 24 | E68: {=IF(A68="","",INDEX(البيانات!$F$2:$F$265,A68))} -> القطاع الغربي Western Sector | F68: {=IF(A68="","",INDEX(البيانات!$Y$2:$Y$265,A68))} -> 0506561323 | I68: {=IF(A68="","",INDEX(البيانات!$P$2:$P$265,A68))} -> 46119 | J68: {=IF(A68="","",INDEX(البيانات!$AI$2:$AI$265,A68))} -> 46121 | K68: =IF(OR(A68="",J68="",I68=""),"",IF(NETWORKDAYS.INTL(I68,J68,"0000011")-1<=2,"✅ ملتزم","❌ غير ملتزم")) -> ✅ ملتزم | L68: {=IF(A68="","",INDEX(البيانات!$AJ$2:$AJ$265,A68))} -> حضرت
A69: {=IFERROR(SMALL(IF(البيانات!$AS$2:$AS$265="مستشفى جازان العام",البيانات!$AT$2:$AT$265),67),"")} -> 136 | B69: {=IF(A69="","",INDEX(البيانات!$V$2:$V$265,A69))} -> 1078175161 | C69: {=IF(A69="","",INDEX(البيانات!$U$2:$U$265,A69))} -> Nada bahlul yahya kurmi | D69: {=IF(A69="","",INDEX(البيانات!$T$2:$T$265,A69))} -> 36 | E69: {=IF(A69="","",INDEX(البيانات!$F$2:$F$265,A69))} -> القطاع الأوسط Middle Sector | F69: {=IF(A69="","",INDEX(البيانات!$Y$2:$Y$265,A69))} -> 0507022707 | I69: {=IF(A69="","",INDEX(البيانات!$P$2:$P$265,A69))} -> 46118 | J69: {=IF(A69="","",INDEX(البيانات!$AI$2:$AI$265,A69))} -> 46121 | K69: =IF(OR(A69="",J69="",I69=""),"",IF(NETWORKDAYS.INTL(I69,J69,"0000011")-1<=2,"✅ ملتزم","❌ غير ملتزم")) -> ❌ غير ملتزم | L69: {=IF(A69="","",INDEX(البيانات!$AJ$2:$AJ$265,A69))} -> لم تحضر
A70: {=IFERROR(SMALL(IF(البيانات!$AS$2:$AS$265="مستشفى جازان العام",البيانات!$AT$2:$AT$265),68),"")} -> 138 | B70: {=IF(A70="","",INDEX(البيانات!$V$2:$V$265,A70))} -> 1118015930 | C70: {=IF(A70="","",INDEX(البيانات!$U$2:$U$265,A70))} -> NORAH HUSSAIN OTHMAN HAKAMI | D70: {=IF(A70="","",INDEX(البيانات!$T$2:$T$265,A70))} -> 36 | E70: {=IF(A70="","",INDEX(البيانات!$F$2:$F$265,A70))} -> القطاع المركزي Central Sector | F70: {=IF(A70="","",INDEX(البيانات!$Y$2:$Y$265,A70))} -> 0533049632 | I70: {=IF(A70="","",INDEX(البيانات!$P$2:$P$265,A70))} -> 46120 | J70: {=IF(A70="","",INDEX(البيانات!$AI$2:$AI$265,A70))} -> 46132 | K70: =IF(OR(A70="",J70="",I70=""),"",IF(NETWORKDAYS.INTL(I70,J70,"0000011")-1<=2,"✅ ملتزم","❌ غير ملتزم")) -> ❌ غير ملتزم | L70: {=IF(A70="","",INDEX(البيانات!$AJ$2:$AJ$265,A70))} -> حضرت
A71: {=IFERROR(SMALL(IF(البيانات!$AS$2:$AS$265="مستشفى جازان العام",البيانات!$AT$2:$AT$265),69),"")} -> 139 | B71: {=IF(A71="","",INDEX(البيانات!$V$2:$V$265,A71))} -> 1068377900 | C71: {=IF(A71="","",INDEX(البيانات!$U$2:$U$265,A71))} -> SALIHAH AHMED HUSSAIN GHAZWANI | D71: {=IF(A71="","",INDEX(البيانات!$T$2:$T$265,A71))} -> 35 | E71: {=IF(A71="","",INDEX(البيانات!$F$2:$F$265,A71))} -> القطاع المركزي Central Sector | F71: {=IF(A71="","",INDEX(البيانات!$Y$2:$Y$265,A71))} -> 0558680052 | I71: {=IF(A71="","",INDEX(البيانات!$P$2:$P$265,A71))} -> 46120 | J71: {=IF(A71="","",INDEX(البيانات!$AI$2:$AI$265,A71))} -> 46121 | K71: =IF(OR(A71="",J71="",I71=""),"",IF(NETWORKDAYS.INTL(I71,J71,"0000011")-1<=2,"✅ ملتزم","❌ غير ملتزم")) -> ✅ ملتزم | L71: {=IF(A71="","",INDEX(البيانات!$AJ$2:$AJ$265,A71))} -> حضرت
A72: {=IFERROR(SMALL(IF(البيانات!$AS$2:$AS$265="مستشفى جازان العام",البيانات!$AT$2:$AT$265),70),"")} -> 141 | B72: {=IF(A72="","",INDEX(البيانات!$V$2:$V$265,A72))} -> 1095889521 | C72: {=IF(A72="","",INDEX(البيانات!$U$2:$U$265,A72))} -> RAHAF AHMED MOHAMMED ALRAJAB | D72: {=IF(A72="","",INDEX(البيانات!$T$2:$T$265,A72))} -> 28 | E72: {=IF(A72="","",INDEX(البيانات!$F$2:$F$265,A72))} -> القطاع المركزي Central Sector | F72: {=IF(A72="","",INDEX(البيانات!$Y$2:$Y$265,A72))} -> 0504299885 | I72: {=IF(A72="","",INDEX(البيانات!$P$2:$P$265,A72))} -> 46120 | J72: {=IF(A72="","",INDEX(البيانات!$AI$2:$AI$265,A72))} -> 46141 | K72: =IF(OR(A72="",J72="",I72=""),"",IF(NETWORKDAYS.INTL(I72,J72,"0000011")-1<=2,"✅ ملتزم","❌ غير ملتزم")) -> ❌ غير ملتزم | L72: {=IF(A72="","",INDEX(البيانات!$AJ$2:$AJ$265,A72))} -> 0
A73: {=IFERROR(SMALL(IF(البيانات!$AS$2:$AS$265="مستشفى جازان العام",البيانات!$AT$2:$AT$265),71),"")} -> 142 | B73: {=IF(A73="","",INDEX(البيانات!$V$2:$V$265,A73))} -> 1060745641 | C73: {=IF(A73="","",INDEX(البيانات!$U$2:$U$265,A73))} -> AHLAAM ALI GASSAB ALSHAMRANI | D73: {=IF(A73="","",INDEX(البيانات!$T$2:$T$265,A73))} -> 36 | E73: {=IF(A73="","",INDEX(البيانات!$F$2:$F$265,A73))} -> القطاع المركزي Central Sector | F73: {=IF(A73="","",INDEX(البيانات!$Y$2:$Y$265,A73))} -> 0507009367 | I73: {=IF(A73="","",INDEX(البيانات!$P$2:$P$265,A73))} -> 46120 | J73: {=IF(A73="","",INDEX(البيانات!$AI$2:$AI$265,A73))} -> 46121 | K73: =IF(OR(A73="",J73="",I73=""),"",IF(NETWORKDAYS.INTL(I73,J73,"0000011")-1<=2,"✅ ملتزم","❌ غير ملتزم")) -> ✅ ملتزم | L73: {=IF(A73="","",INDEX(البيانات!$AJ$2:$AJ$265,A73))} -> حضرت
A74: {=IFERROR(SMALL(IF(البيانات!$AS$2:$AS$265="مستشفى جازان العام",البيانات!$AT$2:$AT$265),72),"")} -> 144 | B74: {=IF(A74="","",INDEX(البيانات!$V$2:$V$265,A74))} -> 1049993833 | C74: {=IF(A74="","",INDEX(البيانات!$U$2:$U$265,A74))} -> FATIMAH SIDDIQ YAHYA MASHYAKHI | D74: {=IF(A74="","",INDEX(البيانات!$T$2:$T$265,A74))} -> 41 | E74: {=IF(A74="","",INDEX(البيانات!$F$2:$F$265,A74))} -> Middle sectorالقطاع الاوسط | F74: {=IF(A74="","",INDEX(البيانات!$Y$2:$Y$265,A74))} -> 0557245808 | I74: {=IF(A74="","",INDEX(البيانات!$P$2:$P$265,A74))} -> 46121 | J74: {=IF(A74="","",INDEX(البيانات!$AI$2:$AI$265,A74))} -> 46126 | K74: =IF(OR(A74="",J74="",I74=""),"",IF(NETWORKDAYS.INTL(I74,J74,"0000011")-1<=2,"✅ ملتزم","❌ غير ملتزم")) -> ❌ غير ملتزم | L74: {=IF(A74="","",INDEX(البيانات!$AJ$2:$AJ$265,A74))} -> حضرت
A75: {=IFERROR(SMALL(IF(البيانات!$AS$2:$AS$265="مستشفى جازان العام",البيانات!$AT$2:$AT$265),73),"")} -> 146 | B75: {=IF(A75="","",INDEX(البيانات!$V$2:$V$265,A75))} -> 1103036388 | C75: {=IF(A75="","",INDEX(البيانات!$U$2:$U$265,A75))} -> jumah ali ahmed | D75: {=IF(A75="","",INDEX(البيانات!$T$2:$T$265,A75))} -> 27 | E75: {=IF(A75="","",INDEX(البيانات!$F$2:$F$265,A75))} -> القطاع المركزي Central Sector | F75: {=IF(A75="","",INDEX(البيانات!$Y$2:$Y$265,A75))} -> 0538207686 | I75: {=IF(A75="","",INDEX(البيانات!$P$2:$P$265,A75))} -> 46124 | J75: {=IF(A75="","",INDEX(البيانات!$AI$2:$AI$265,A75))} -> 46134 | K75: =IF(OR(A75="",J75="",I75=""),"",IF(NETWORKDAYS.INTL(I75,J75,"0000011")-1<=2,"✅ ملتزم","❌ غير ملتزم")) -> ❌ غير ملتزم | L75: {=IF(A75="","",INDEX(البيانات!$AJ$2:$AJ$265,A75))} -> حضرت
A76: {=IFERROR(SMALL(IF(البيانات!$AS$2:$AS$265="مستشفى جازان العام",البيانات!$AT$2:$AT$265),74),"")} -> 147 | B76: {=IF(A76="","",INDEX(البيانات!$V$2:$V$265,A76))} -> 1092252798 | C76: {=IF(A76="","",INDEX(البيانات!$U$2:$U$265,A76))} -> بدرية عبدالكريم حمدي | D76: {=IF(A76="","",INDEX(البيانات!$T$2:$T$265,A76))} -> 30 | E76: {=IF(A76="","",INDEX(البيانات!$F$2:$F$265,A76))} -> Central Sectorالقطاع المركزي | F76: {=IF(A76="","",INDEX(البيانات!$Y$2:$Y$265,A76))} -> 0534110016 | I76: {=IF(A76="","",INDEX(البيانات!$P$2:$P$265,A76))} -> 46124 | J76: {=IF(A76="","",INDEX(البيانات!$AI$2:$AI$265,A76))} -> 46134 | K76: =IF(OR(A76="",J76="",I76=""),"",IF(NETWORKDAYS.INTL(I76,J76,"0000011")-1<=2,"✅ ملتزم","❌ غير ملتزم")) -> ❌ غير ملتزم | L76: {=IF(A76="","",INDEX(البيانات!$AJ$2:$AJ$265,A76))} -> حضرت
A77: {=IFERROR(SMALL(IF(البيانات!$AS$2:$AS$265="مستشفى جازان العام",البيانات!$AT$2:$AT$265),75),"")} -> 149 | B77: {=IF(A77="","",INDEX(البيانات!$V$2:$V$265,A77))} -> 1073180869 | C77: {=IF(A77="","",INDEX(البيانات!$U$2:$U$265,A77))} -> SHATHA HASSAN ALI DAHISH | D77: {=IF(A77="","",INDEX(البيانات!$T$2:$T$265,A77))} -> 34 | E77: {=IF(A77="","",INDEX(البيانات!$F$2:$F$265,A77))} -> Central Sectorالقطاع المركزي | F77: {=IF(A77="","",INDEX(البيانات!$Y$2:$Y$265,A77))} -> 0533068396 | I77: {=IF(A77="","",INDEX(البيانات!$P$2:$P$265,A77))} -> 46124 | J77: {=IF(A77="","",INDEX(البيانات!$AI$2:$AI$265,A77))} -> 46134 | K77: =IF(OR(A77="",J77="",I77=""),"",IF(NETWORKDAYS.INTL(I77,J77,"0000011")-1<=2,"✅ ملتزم","❌ غير ملتزم")) -> ❌ غير ملتزم | L77: {=IF(A77="","",INDEX(البيانات!$AJ$2:$AJ$265,A77))} -> حضرت
A78: {=IFERROR(SMALL(IF(البيانات!$AS$2:$AS$265="مستشفى جازان العام",البيانات!$AT$2:$AT$265),76),"")} -> 154 | B78: {=IF(A78="","",INDEX(البيانات!$V$2:$V$265,A78))} -> 1067275899 | C78: {=IF(A78="","",INDEX(البيانات!$U$2:$U$265,A78))} -> نجود يحيى عبده قاسم | D78: {=IF(A78="","",INDEX(البيانات!$T$2:$T$265,A78))} -> 36 | E78: {=IF(A78="","",INDEX(البيانات!$F$2:$F$265,A78))} -> Central Sectorالقطاع المركزي | F78: {=IF(A78="","",INDEX(البيانات!$Y$2:$Y$265,A78))} -> 0556533484 | I78: {=IF(A78="","",INDEX(البيانات!$P$2:$P$265,A78))} -> 46125 | J78: {=IF(A78="","",INDEX(البيانات!$AI$2:$AI$265,A78))} -> 46131 | K78: =IF(OR(A78="",J78="",I78=""),"",IF(NETWORKDAYS.INTL(I78,J78,"0000011")-1<=2,"✅ ملتزم","❌ غير ملتزم")) -> ❌ غير ملتزم | L78: {=IF(A78="","",INDEX(البيانات!$AJ$2:$AJ$265,A78))} -> حضرت
A79: {=IFERROR(SMALL(IF(البيانات!$AS$2:$AS$265="مستشفى جازان العام",البيانات!$AT$2:$AT$265),77),"")} -> 155 | B79: {=IF(A79="","",INDEX(البيانات!$V$2:$V$265,A79))} -> 1143043576 | C79: {=IF(A79="","",INDEX(البيانات!$U$2:$U$265,A79))} -> JAYDAA MOHAMMED IBRAHIM HADDAD | D79: {=IF(A79="","",INDEX(البيانات!$T$2:$T$265,A79))} -> 17Y 10M | E79: {=IF(A79="","",INDEX(البيانات!$F$2:$F$265,A79))} -> Central Sectorالقطاع المركزي | F79: {=IF(A79="","",INDEX(البيانات!$Y$2:$Y$265,A79))} -> 552309188 | I79: {=IF(A79="","",INDEX(البيانات!$P$2:$P$265,A79))} -> 46125 | J79: {=IF(A79="","",INDEX(البيانات!$AI$2:$AI$265,A79))} -> 46147 | K79: =IF(OR(A79="",J79="",I79=""),"",IF(NETWORKDAYS.INTL(I79,J79,"0000011")-1<=2,"✅ ملتزم","❌ غير ملتزم")) -> ❌ غير ملتزم | L79: {=IF(A79="","",INDEX(البيانات!$AJ$2:$AJ$265,A79))} -> حضرت
A80: {=IFERROR(SMALL(IF(البيانات!$AS$2:$AS$265="مستشفى جازان العام",البيانات!$AT$2:$AT$265),78),"")} -> 156 | B80: {=IF(A80="","",INDEX(البيانات!$V$2:$V$265,A80))} -> 1076797065 | C80: {=IF(A80="","",INDEX(البيانات!$U$2:$U$265,A80))} -> سكوت معيد | D80: {=IF(A80="","",INDEX(البيانات!$T$2:$T$265,A80))} -> 37 | E80: {=IF(A80="","",INDEX(البيانات!$F$2:$F$265,A80))} -> Central Sectorالقطاع المركزي | F80: {=IF(A80="","",INDEX(البيانات!$Y$2:$Y$265,A80))} -> 0508711518 | I80: {=IF(A80="","",INDEX(البيانات!$P$2:$P$265,A80))} -> 46125 | J80: {=IF(A80="","",INDEX(البيانات!$AI$2:$AI$265,A80))} -> 46131 | K80: =IF(OR(A80="",J80="",I80=""),"",IF(NETWORKDAYS.INTL(I80,J80,"0000011")-1<=2,"✅ ملتزم","❌ غير ملتزم")) -> ❌ غير ملتزم | L80: {=IF(A80="","",INDEX(البيانات!$AJ$2:$AJ$265,A80))} -> حضرت
A81: {=IFERROR(SMALL(IF(البيانات!$AS$2:$AS$265="مستشفى جازان العام",البيانات!$AT$2:$AT$265),79),"")} -> 159 | B81: {=IF(A81="","",INDEX(البيانات!$V$2:$V$265,A81))} -> 1019481843 | C81: {=IF(A81="","",INDEX(البيانات!$U$2:$U$265,A81))} -> جميله محمد حسن غزواني | D81: {=IF(A81="","",INDEX(البيانات!$T$2:$T$265,A81))} -> 43 | E81: {=IF(A81="","",INDEX(البيانات!$F$2:$F$265,A81))} -> aljabaly sectorالقطاع الجبلي | F81: {=IF(A81="","",INDEX(البيانات!$Y$2:$Y$265,A81))} -> 509338874 | I81: {=IF(A81="","",INDEX(البيانات!$P$2:$P$265,A81))} -> 46126 | J81: {=IF(A81="","",INDEX(البيانات!$AI$2:$AI$265,A81))} -> 46131 | K81: =IF(OR(A81="",J81="",I81=""),"",IF(NETWORKDAYS.INTL(I81,J81,"0000011")-1<=2,"✅ ملتزم","❌ غير ملتزم")) -> ❌ غير ملتزم | L81: {=IF(A81="","",INDEX(البيانات!$AJ$2:$AJ$265,A81))} -> حضرت
A82: {=IFERROR(SMALL(IF(البيانات!$AS$2:$AS$265="مستشفى جازان العام",البيانات!$AT$2:$AT$265),80),"")} -> 161 | B82: {=IF(A82="","",INDEX(البيانات!$V$2:$V$265,A82))} -> 2497025862 | C82: {=IF(A82="","",INDEX(البيانات!$U$2:$U$265,A82))} -> RAHMAH ABDOH IBRAHIM | D82: {=IF(A82="","",INDEX(البيانات!$T$2:$T$265,A82))} -> 31 | E82: {=IF(A82="","",INDEX(البيانات!$F$2:$F$265,A82))} -> Central Sectorالقطاع المركزي | F82: {=IF(A82="","",INDEX(البيانات!$Y$2:$Y$265,A82))} -> 0532437714 | I82: {=IF(A82="","",INDEX(البيانات!$P$2:$P$265,A82))} -> 46126 | J82: {=IF(A82="","",INDEX(البيانات!$AI$2:$AI$265,A82))} -> 46134 | K82: =IF(OR(A82="",J82="",I82=""),"",IF(NETWORKDAYS.INTL(I82,J82,"0000011")-1<=2,"✅ ملتزم","❌ غير ملتزم")) -> ❌ غير ملتزم | L82: {=IF(A82="","",INDEX(البيانات!$AJ$2:$AJ$265,A82))} -> حضرت
A83: {=IFERROR(SMALL(IF(البيانات!$AS$2:$AS$265="مستشفى جازان العام",البيانات!$AT$2:$AT$265),81),"")} -> 162 | B83: {=IF(A83="","",INDEX(البيانات!$V$2:$V$265,A83))} -> 1077341780 | C83: {=IF(A83="","",INDEX(البيانات!$U$2:$U$265,A83))} -> EISHAH MOHAMMED AHMED ALJOHANI | D83: {=IF(A83="","",INDEX(البيانات!$T$2:$T$265,A83))} -> 34 | E83: {=IF(A83="","",INDEX(البيانات!$F$2:$F$265,A83))} -> Central Sectorالقطاع المركزي | F83: {=IF(A83="","",INDEX(البيانات!$Y$2:$Y$265,A83))} -> 0500430483 | I83: {=IF(A83="","",INDEX(البيانات!$P$2:$P$265,A83))} -> 46126 | J83: {=IF(A83="","",INDEX(البيانات!$AI$2:$AI$265,A83))} -> 46134 | K83: =IF(OR(A83="",J83="",I83=""),"",IF(NETWORKDAYS.INTL(I83,J83,"0000011")-1<=2,"✅ ملتزم","❌ غير ملتزم")) -> ❌ غير ملتزم | L83: {=IF(A83="","",INDEX(البيانات!$AJ$2:$AJ$265,A83))} -> حضرت
A84: {=IFERROR(SMALL(IF(البيانات!$AS$2:$AS$265="مستشفى جازان العام",البيانات!$AT$2:$AT$265),82),"")} -> 163 | B84: {=IF(A84="","",INDEX(البيانات!$V$2:$V$265,A84))} -> 1054054844 | C84: {=IF(A84="","",INDEX(البيانات!$U$2:$U$265,A84))} -> KHULUD ESSA BINALI KHORMI | D84: {=IF(A84="","",INDEX(البيانات!$T$2:$T$265,A84))} -> 38 | E84: {=IF(A84="","",INDEX(البيانات!$F$2:$F$265,A84))} -> Central Sectorالقطاع المركزي | F84: {=IF(A84="","",INDEX(البيانات!$Y$2:$Y$265,A84))} -> 0534990488 | I84: {=IF(A84="","",INDEX(البيانات!$P$2:$P$265,A84))} -> 46127 | J84: {=IF(A84="","",INDEX(البيانات!$AI$2:$AI$265,A84))} -> 46134 | K84: =IF(OR(A84="",J84="",I84=""),"",IF(NETWORKDAYS.INTL(I84,J84,"0000011")-1<=2,"✅ ملتزم","❌ غير ملتزم")) -> ❌ غير ملتزم | L84: {=IF(A84="","",INDEX(البيانات!$AJ$2:$AJ$265,A84))} -> حضرت
A85: {=IFERROR(SMALL(IF(البيانات!$AS$2:$AS$265="مستشفى جازان العام",البيانات!$AT$2:$AT$265),83),"")} -> 164 | B85: {=IF(A85="","",INDEX(البيانات!$V$2:$V$265,A85))} -> 1072268608 | C85: {=IF(A85="","",INDEX(البيانات!$U$2:$U$265,A85))} -> FATEMAH ABDULAZIZ ALI ALHAKAMI | D85: {=IF(A85="","",INDEX(البيانات!$T$2:$T$265,A85))} -> 35 | E85: {=IF(A85="","",INDEX(البيانات!$F$2:$F$265,A85))} -> Central Sectorالقطاع المركزي | F85: {=IF(A85="","",INDEX(البيانات!$Y$2:$Y$265,A85))} -> 0567330307 | I85: {=IF(A85="","",INDEX(البيانات!$P$2:$P$265,A85))} -> 46127 | J85: {=IF(A85="","",INDEX(البيانات!$AI$2:$AI$265,A85))} -> 46134 | K85: =IF(OR(A85="",J85="",I85=""),"",IF(NETWORKDAYS.INTL(I85,J85,"0000011")-1<=2,"✅ ملتزم","❌ غير ملتزم")) -> ❌ غير ملتزم | L85: {=IF(A85="","",INDEX(البيانات!$AJ$2:$AJ$265,A85))} -> حضرت
A86: {=IFERROR(SMALL(IF(البيانات!$AS$2:$AS$265="مستشفى جازان العام",البيانات!$AT$2:$AT$265),84),"")} -> 166 | B86: {=IF(A86="","",INDEX(البيانات!$V$2:$V$265,A86))} -> 1101751707 | C86: {=IF(A86="","",INDEX(البيانات!$U$2:$U$265,A86))} -> فاطمه سنينس صوعان هزازي | D86: {=IF(A86="","",INDEX(البيانات!$T$2:$T$265,A86))} -> 28 | E86: {=IF(A86="","",INDEX(البيانات!$F$2:$F$265,A86))} -> Southern Sector القطاع الجنوبي | F86: {=IF(A86="","",INDEX(البيانات!$Y$2:$Y$265,A86))} -> 0554754966 | I86: {=IF(A86="","",INDEX(البيانات!$P$2:$P$265,A86))} -> 46127 | J86: {=IF(A86="","",INDEX(البيانات!$AI$2:$AI$265,A86))} -> 46134 | K86: =IF(OR(A86="",J86="",I86=""),"",IF(NETWORKDAYS.INTL(I86,J86,"0000011")-1<=2,"✅ ملتزم","❌ غير ملتزم")) -> ❌ غير ملتزم | L86: {=IF(A86="","",INDEX(البيانات!$AJ$2:$AJ$265,A86))} -> حضرت
A87: {=IFERROR(SMALL(IF(البيانات!$AS$2:$AS$265="مستشفى جازان العام",البيانات!$AT$2:$AT$265),85),"")} -> 167 | B87: {=IF(A87="","",INDEX(البيانات!$V$2:$V$265,A87))} -> 1015011933 | C87: {=IF(A87="","",INDEX(البيانات!$U$2:$U$265,A87))} -> FATIMAH MANSOUR AHMED QASEM | D87: {=IF(A87="","",INDEX(البيانات!$T$2:$T$265,A87))} -> 41 | E87: {=IF(A87="","",INDEX(البيانات!$F$2:$F$265,A87))} -> Central Sectorالقطاع المركزي | F87: {=IF(A87="","",INDEX(البيانات!$Y$2:$Y$265,A87))} -> 0555771715 | I87: {=IF(A87="","",INDEX(البيانات!$P$2:$P$265,A87))} -> 46127 | J87: {=IF(A87="","",INDEX(البيانات!$AI$2:$AI$265,A87))} -> 46134 | K87: =IF(OR(A87="",J87="",I87=""),"",IF(NETWORKDAYS.INTL(I87,J87,"0000011")-1<=2,"✅ ملتزم","❌ غير ملتزم")) -> ❌ غير ملتزم | L87: {=IF(A87="","",INDEX(البيانات!$AJ$2:$AJ$265,A87))} -> حضرت
A88: {=IFERROR(SMALL(IF(البيانات!$AS$2:$AS$265="مستشفى جازان العام",البيانات!$AT$2:$AT$265),86),"")} -> 168 | B88: {=IF(A88="","",INDEX(البيانات!$V$2:$V$265,A88))} -> 1090577048 | C88: {=IF(A88="","",INDEX(البيانات!$U$2:$U$265,A88))} -> Jumah hassan mohmmed hurubi | D88: {=IF(A88="","",INDEX(البيانات!$T$2:$T$265,A88))} -> 30 | E88: {=IF(A88="","",INDEX(البيانات!$F$2:$F$265,A88))} -> Western Sectorالقطاع الغربي | F88: {=IF(A88="","",INDEX(البيانات!$Y$2:$Y$265,A88))} -> 0558857184 | I88: {=IF(A88="","",INDEX(البيانات!$P$2:$P$265,A88))} -> 46127 | J88: {=IF(A88="","",INDEX(البيانات!$AI$2:$AI$265,A88))} -> 46134 | K88: =IF(OR(A88="",J88="",I88=""),"",IF(NETWORKDAYS.INTL(I88,J88,"0000011")-1<=2,"✅ ملتزم","❌ غير ملتزم")) -> ❌ غير ملتزم | L88: {=IF(A88="","",INDEX(البيانات!$AJ$2:$AJ$265,A88))} -> حضرت
A89: {=IFERROR(SMALL(IF(البيانات!$AS$2:$AS$265="مستشفى جازان العام",البيانات!$AT$2:$AT$265),87),"")} -> 169 | B89: {=IF(A89="","",INDEX(البيانات!$V$2:$V$265,A89))} -> 1133130185 | C89: {=IF(A89="","",INDEX(البيانات!$U$2:$U$265,A89))} -> WAFA ZAHER YAHYA ALOTAYFI | D89: {=IF(A89="","",INDEX(البيانات!$T$2:$T$265,A89))} -> 25 | E89: {=IF(A89="","",INDEX(البيانات!$F$2:$F$265,A89))} -> Central Sectorالقطاع المركزي | F89: {=IF(A89="","",INDEX(البيانات!$Y$2:$Y$265,A89))} -> 0534353959 | I89: {=IF(A89="","",INDEX(البيانات!$P$2:$P$265,A89))} -> 46127 | J89: {=IF(A89="","",INDEX(البيانات!$AI$2:$AI$265,A89))} -> 46140 | K89: =IF(OR(A89="",J89="",I89=""),"",IF(NETWORKDAYS.INTL(I89,J89,"0000011")-1<=2,"✅ ملتزم","❌ غير ملتزم")) -> ❌ غير ملتزم | L89: {=IF(A89="","",INDEX(البيانات!$AJ$2:$AJ$265,A89))} -> حضرت
A90: {=IFERROR(SMALL(IF(البيانات!$AS$2:$AS$265="مستشفى جازان العام",البيانات!$AT$2:$AT$265),88),"")} -> 170 | B90: {=IF(A90="","",INDEX(البيانات!$V$2:$V$265,A90))} -> 1107741249 | C90: {=IF(A90="","",INDEX(البيانات!$U$2:$U$265,A90))} -> WASAN OMAR BUHAYS ALNAJJAR | D90: {=IF(A90="","",INDEX(البيانات!$T$2:$T$265,A90))} -> 26 | E90: {=IF(A90="","",INDEX(البيانات!$F$2:$F$265,A90))} -> Central Sectorالقطاع المركزي | F90: {=IF(A90="","",INDEX(البيانات!$Y$2:$Y$265,A90))} -> 0537687678 | I90: {=IF(A90="","",INDEX(البيانات!$P$2:$P$265,A90))} -> 46127 | J90: {=IF(A90="","",INDEX(البيانات!$AI$2:$AI$265,A90))} -> 46134 | K90: =IF(OR(A90="",J90="",I90=""),"",IF(NETWORKDAYS.INTL(I90,J90,"0000011")-1<=2,"✅ ملتزم","❌ غير ملتزم")) -> ❌ غير ملتزم | L90: {=IF(A90="","",INDEX(البيانات!$AJ$2:$AJ$265,A90))} -> حضرت
A91: {=IFERROR(SMALL(IF(البيانات!$AS$2:$AS$265="مستشفى جازان العام",البيانات!$AT$2:$AT$265),89),"")} -> 171 | B91: {=IF(A91="","",INDEX(البيانات!$V$2:$V$265,A91))} -> 1066057504 | C91: {=IF(A91="","",INDEX(البيانات!$U$2:$U$265,A91))} -> ABEER HASSAN MOHAMMED AGEELI | D91: {=IF(A91="","",INDEX(البيانات!$T$2:$T$265,A91))} -> 36 | E91: {=IF(A91="","",INDEX(البيانات!$F$2:$F$265,A91))} -> Central Sectorالقطاع المركزي | F91: {=IF(A91="","",INDEX(البيانات!$Y$2:$Y$265,A91))} -> 0545626311 | I91: {=IF(A91="","",INDEX(البيانات!$P$2:$P$265,A91))} -> 46127 | J91: {=IF(A91="","",INDEX(البيانات!$AI$2:$AI$265,A91))} -> 46134 | K91: =IF(OR(A91="",J91="",I91=""),"",IF(NETWORKDAYS.INTL(I91,J91,"0000011")-1<=2,"✅ ملتزم","❌ غير ملتزم")) -> ❌ غير ملتزم | L91: {=IF(A91="","",INDEX(البيانات!$AJ$2:$AJ$265,A91))} -> حضرت
A92: {=IFERROR(SMALL(IF(البيانات!$AS$2:$AS$265="مستشفى جازان العام",البيانات!$AT$2:$AT$265),90),"")} -> 173 | B92: {=IF(A92="","",INDEX(البيانات!$V$2:$V$265,A92))} -> 1113502601 | C92: {=IF(A92="","",INDEX(البيانات!$U$2:$U$265,A92))} -> ALSHAYMAA MUSAAD IBRAHIM NAJDI | D92: {=IF(A92="","",INDEX(البيانات!$T$2:$T$265,A92))} -> 25 | E92: {=IF(A92="","",INDEX(البيانات!$F$2:$F$265,A92))} -> Central Sectorالقطاع المركزي | F92: {=IF(A92="","",INDEX(البيانات!$Y$2:$Y$265,A92))} -> 0507969112 | I92: {=IF(A92="","",INDEX(البيانات!$P$2:$P$265,A92))} -> 46127 | J92: {=IF(A92="","",INDEX(البيانات!$AI$2:$AI$265,A92))} -> 46134 | K92: =IF(OR(A92="",J92="",I92=""),"",IF(NETWORKDAYS.INTL(I92,J92,"0000011")-1<=2,"✅ ملتزم","❌ غير ملتزم")) -> ❌ غير ملتزم | L92: {=IF(A92="","",INDEX(البيانات!$AJ$2:$AJ$265,A92))} -> 0
A93: {=IFERROR(SMALL(IF(البيانات!$AS$2:$AS$265="مستشفى جازان العام",البيانات!$AT$2:$AT$265),91),"")} -> 174 | B93: {=IF(A93="","",INDEX(البيانات!$V$2:$V$265,A93))} -> 1119705216 | C93: {=IF(A93="","",INDEX(البيانات!$U$2:$U$265,A93))} -> REHAB HUSSAIN AHMED HAKAMI | D93: {=IF(A93="","",INDEX(البيانات!$T$2:$T$265,A93))} -> 26 | E93: {=IF(A93="","",INDEX(البيانات!$F$2:$F$265,A93))} -> Central Sectorالقطاع المركزي | F93: {=IF(A93="","",INDEX(البيانات!$Y$2:$Y$265,A93))} -> 0550603046 | I93: {=IF(A93="","",INDEX(البيانات!$P$2:$P$265,A93))} -> 46127 | J93: {=IF(A93="","",INDEX(البيانات!$AI$2:$AI$265,A93))} -> 46134 | K93: =IF(OR(A93="",J93="",I93=""),"",IF(NETWORKDAYS.INTL(I93,J93,"0000011")-1<=2,"✅ ملتزم","❌ غير ملتزم")) -> ❌ غير ملتزم | L93: {=IF(A93="","",INDEX(البيانات!$AJ$2:$AJ$265,A93))} -> حضرت
A94: {=IFERROR(SMALL(IF(البيانات!$AS$2:$AS$265="مستشفى جازان العام",البيانات!$AT$2:$AT$265),92),"")} -> 175 | B94: {=IF(A94="","",INDEX(البيانات!$V$2:$V$265,A94))} -> 1133354827 | C94: {=IF(A94="","",INDEX(البيانات!$U$2:$U$265,A94))} -> Tasnin Basin Saad Hendi | D94: {=IF(A94="","",INDEX(البيانات!$T$2:$T$265,A94))} -> 21 | E94: {=IF(A94="","",INDEX(البيانات!$F$2:$F$265,A94))} -> Central Sectorالقطاع المركزي | F94: {=IF(A94="","",INDEX(البيانات!$Y$2:$Y$265,A94))} -> 539793334 | I94: {=IF(A94="","",INDEX(البيانات!$P$2:$P$265,A94))} -> 46112 | J94: {=IF(A94="","",INDEX(البيانات!$AI$2:$AI$265,A94))} -> 46134 | K94: =IF(OR(A94="",J94="",I94=""),"",IF(NETWORKDAYS.INTL(I94,J94,"0000011")-1<=2,"✅ ملتزم","❌ غير ملتزم")) -> ❌ غير ملتزم | L94: {=IF(A94="","",INDEX(البيانات!$AJ$2:$AJ$265,A94))} -> حضرت
A95: {=IFERROR(SMALL(IF(البيانات!$AS$2:$AS$265="مستشفى جازان العام",البيانات!$AT$2:$AT$265),93),"")} -> 176 | B95: {=IF(A95="","",INDEX(البيانات!$V$2:$V$265,A95))} -> 1104535321 | C95: {=IF(A95="","",INDEX(البيانات!$U$2:$U$265,A95))} -> TAHANI WAHEEB JUHAYNI HABS | D95: {=IF(A95="","",INDEX(البيانات!$T$2:$T$265,A95))} -> 27 | E95: {=IF(A95="","",INDEX(البيانات!$F$2:$F$265,A95))} -> Central Sectorالقطاع المركزي | F95: {=IF(A95="","",INDEX(البيانات!$Y$2:$Y$265,A95))} -> 0530436642 | I95: {=IF(A95="","",INDEX(البيانات!$P$2:$P$265,A95))} -> 46127 | J95: {=IF(A95="","",INDEX(البيانات!$AI$2:$AI$265,A95))} -> 46134 | K95: =IF(OR(A95="",J95="",I95=""),"",IF(NETWORKDAYS.INTL(I95,J95,"0000011")-1<=2,"✅ ملتزم","❌ غير ملتزم")) -> ❌ غير ملتزم | L95: {=IF(A95="","",INDEX(البيانات!$AJ$2:$AJ$265,A95))} -> حضرت
A96: {=IFERROR(SMALL(IF(البيانات!$AS$2:$AS$265="مستشفى جازان العام",البيانات!$AT$2:$AT$265),94),"")} -> 178 | B96: {=IF(A96="","",INDEX(البيانات!$V$2:$V$265,A96))} -> 1050676012 | C96: {=IF(A96="","",INDEX(البيانات!$U$2:$U$265,A96))} -> NASIYAH ALI AHMED HAZAZI | D96: {=IF(A96="","",INDEX(البيانات!$T$2:$T$265,A96))} -> 41 | E96: {=IF(A96="","",INDEX(البيانات!$F$2:$F$265,A96))} -> Central Sectorالقطاع المركزي | F96: {=IF(A96="","",INDEX(البيانات!$Y$2:$Y$265,A96))} -> 0533387606 | I96: {=IF(A96="","",INDEX(البيانات!$P$2:$P$265,A96))} -> 46128 | J96: {=IF(A96="","",INDEX(البيانات!$AI$2:$AI$265,A96))} -> 46134 | K96: =IF(OR(A96="",J96="",I96=""),"",IF(NETWORKDAYS.INTL(I96,J96,"0000011")-1<=2,"✅ ملتزم","❌ غير ملتزم")) -> ❌ غير ملتزم | L96: {=IF(A96="","",INDEX(البيانات!$AJ$2:$AJ$265,A96))} -> حضرت
A97: {=IFERROR(SMALL(IF(البيانات!$AS$2:$AS$265="مستشفى جازان العام",البيانات!$AT$2:$AT$265),95),"")} -> 180 | B97: {=IF(A97="","",INDEX(البيانات!$V$2:$V$265,A97))} -> 1083154862 | C97: {=IF(A97="","",INDEX(البيانات!$U$2:$U$265,A97))} -> عائشة ثابت مهدي | D97: {=IF(A97="","",INDEX(البيانات!$T$2:$T$265,A97))} -> 37 | E97: {=IF(A97="","",INDEX(البيانات!$F$2:$F$265,A97))} -> Central Sectorالقطاع المركزي | F97: {=IF(A97="","",INDEX(البيانات!$Y$2:$Y$265,A97))} -> 0508063167 | I97: {=IF(A97="","",INDEX(البيانات!$P$2:$P$265,A97))} -> 46131 | J97: {=IF(A97="","",INDEX(البيانات!$AI$2:$AI$265,A97))} -> 46134 | K97: =IF(OR(A97="",J97="",I97=""),"",IF(NETWORKDAYS.INTL(I97,J97,"0000011")-1<=2,"✅ ملتزم","❌ غير ملتزم")) -> ✅ ملتزم | L97: {=IF(A97="","",INDEX(البيانات!$AJ$2:$AJ$265,A97))} -> 0
A98: {=IFERROR(SMALL(IF(البيانات!$AS$2:$AS$265="مستشفى جازان العام",البيانات!$AT$2:$AT$265),96),"")} -> 181 | B98: {=IF(A98="","",INDEX(البيانات!$V$2:$V$265,A98))} -> 1059980852 | C98: {=IF(A98="","",INDEX(البيانات!$U$2:$U$265,A98))} -> THURAYA | D98: {=IF(A98="","",INDEX(البيانات!$T$2:$T$265,A98))} -> 38 | E98: {=IF(A98="","",INDEX(البيانات!$F$2:$F$265,A98))} -> Southern Sector القطاع الجنوبي | F98: {=IF(A98="","",INDEX(البيانات!$Y$2:$Y$265,A98))} -> 0543864232 | I98: {=IF(A98="","",INDEX(البيانات!$P$2:$P$265,A98))} -> 46131 | J98: {=IF(A98="","",INDEX(البيانات!$AI$2:$AI$265,A98))} -> 46134 | K98: =IF(OR(A98="",J98="",I98=""),"",IF(NETWORKDAYS.INTL(I98,J98,"0000011")-1<=2,"✅ ملتزم","❌ غير ملتزم")) -> ✅ ملتزم | L98: {=IF(A98="","",INDEX(البيانات!$AJ$2:$AJ$265,A98))} -> حضرت
A99: {=IFERROR(SMALL(IF(البيانات!$AS$2:$AS$265="مستشفى جازان العام",البيانات!$AT$2:$AT$265),97),"")} -> 182 | B99: {=IF(A99="","",INDEX(البيانات!$V$2:$V$265,A99))} -> 2101886071 | C99: {=IF(A99="","",INDEX(البيانات!$U$2:$U$265,A99))} -> سلمى احمد محمد حشيبري | D99: {=IF(A99="","",INDEX(البيانات!$T$2:$T$265,A99))} -> 37 | E99: {=IF(A99="","",INDEX(البيانات!$F$2:$F$265,A99))} -> Central Sectorالقطاع المركزي | F99: {=IF(A99="","",INDEX(البيانات!$Y$2:$Y$265,A99))} -> 0553228313 | I99: {=IF(A99="","",INDEX(البيانات!$P$2:$P$265,A99))} -> 46131 | J99: {=IF(A99="","",INDEX(البيانات!$AI$2:$AI$265,A99))} -> 46134 | K99: =IF(OR(A99="",J99="",I99=""),"",IF(NETWORKDAYS.INTL(I99,J99,"0000011")-1<=2,"✅ ملتزم","❌ غير ملتزم")) -> ✅ ملتزم | L99: {=IF(A99="","",INDEX(البيانات!$AJ$2:$AJ$265,A99))} -> حضرت
A100: {=IFERROR(SMALL(IF(البيانات!$AS$2:$AS$265="مستشفى جازان العام",البيانات!$AT$2:$AT$265),98),"")} -> 183 | B100: {=IF(A100="","",INDEX(البيانات!$V$2:$V$265,A100))} -> 1103437313 | C100: {=IF(A100="","",INDEX(البيانات!$U$2:$U$265,A100))} -> FATIMAH MAHDI MOHSEN TUMAYHI | D100: {=IF(A100="","",INDEX(البيانات!$T$2:$T$265,A100))} -> 29 | E100: {=IF(A100="","",INDEX(البيانات!$F$2:$F$265,A100))} -> Central Sectorالقطاع المركزي | F100: {=IF(A100="","",INDEX(البيانات!$Y$2:$Y$265,A100))} -> 0509919505 | I100: {=IF(A100="","",INDEX(البيانات!$P$2:$P$265,A100))} -> 46131 | J100: {=IF(A100="","",INDEX(البيانات!$AI$2:$AI$265,A100))} -> 46134 | K100: =IF(OR(A100="",J100="",I100=""),"",IF(NETWORKDAYS.INTL(I100,J100,"0000011")-1<=2,"✅ ملتزم","❌ غير ملتزم")) -> ✅ ملتزم | L100: {=IF(A100="","",INDEX(البيانات!$AJ$2:$AJ$265,A100))} -> حضرت
...

Sheet إحالات_أبو_عريش
A1: 🏥 مستشفى أبو عريش العام - قائمة الإحالات
A2: عدد الحالات المحالة: | B2: =COUNTIF(البيانات!$AS:$AS,"*عريش*") -> 31
A3: # | B3: السجل المدني | C3: اسم المريضة | D3: العمر | E3: القطاع | F3: رقم الجوال | G3: مستوى الخطر | H3: توصية الإحالة | I3: تاريخ الزيارة | J3: تاريخ الموعد | K3: الالتزام | L3: افادة الحضور | M3: تصنيف المنسق | N3: ملاحظات المنسق
A4: {=IFERROR(SMALL(IF(البيانات!$AS$2:$AS$265="مستشفى أبو عريش العام",البيانات!$AT$2:$AT$265),1),"")} -> 20 | B4: {=IF(A4="","",INDEX(البيانات!$V$2:$V$265,A4))} -> 1137769400 | C4: {=IF(A4="","",INDEX(البيانات!$U$2:$U$265,A4))} -> FATIMAH ALI ABDU ZAYBI | D4: {=IF(A4="","",INDEX(البيانات!$T$2:$T$265,A4))} -> 36 | E4: {=IF(A4="","",INDEX(البيانات!$F$2:$F$265,A4))} -> القطاع الغربي | F4: {=IF(A4="","",INDEX(البيانات!$Y$2:$Y$265,A4))} -> 556662994 | I4: {=IF(A4="","",INDEX(البيانات!$P$2:$P$265,A4))} -> 46090 | J4: {=IF(A4="","",INDEX(البيانات!$AI$2:$AI$265,A4))} -> 12/3/2026 | K4: =IF(OR(A4="",J4="",I4=""),"",IF(NETWORKDAYS.INTL(I4,J4,"0000011")-1<=2,"✅ ملتزم","❌ غير ملتزم")) -> ❌ غير ملتزم | L4: {=IF(A4="","",INDEX(البيانات!$AJ$2:$AJ$265,A4))} -> تم الحظور
A5: {=IFERROR(SMALL(IF(البيانات!$AS$2:$AS$265="مستشفى أبو عريش العام",البيانات!$AT$2:$AT$265),2),"")} -> 32 | B5: {=IF(A5="","",INDEX(البيانات!$V$2:$V$265,A5))} -> 1118863784 | C5: {=IF(A5="","",INDEX(البيانات!$U$2:$U$265,A5))} -> عهود عيسى موسى خيري | D5: {=IF(A5="","",INDEX(البيانات!$T$2:$T$265,A5))} -> 0 | E5: {=IF(A5="","",INDEX(البيانات!$F$2:$F$265,A5))} -> القطاع الاوسط | F5: {=IF(A5="","",INDEX(البيانات!$Y$2:$Y$265,A5))} -> 0530672497 | I5: {=IF(A5="","",INDEX(البيانات!$P$2:$P$265,A5))} -> 46091 | J5: 46099 | K5: =IF(OR(A5="",J5="",I5=""),"",IF(NETWORKDAYS.INTL(I5,J5,"0000011")-1<=2,"✅ ملتزم","❌ غير ملتزم")) -> ❌ غير ملتزم | L5: {=IF(A5="","",INDEX(البيانات!$AJ$2:$AJ$265,A5))} -> تم الحظور
A6: {=IFERROR(SMALL(IF(البيانات!$AS$2:$AS$265="مستشفى أبو عريش العام",البيانات!$AT$2:$AT$265),3),"")} -> 36 | B6: {=IF(A6="","",INDEX(البيانات!$V$2:$V$265,A6))} -> 1099817965 | C6: {=IF(A6="","",INDEX(البيانات!$U$2:$U$265,A6))} -> نورا يحى شار بكري | D6: {=IF(A6="","",INDEX(البيانات!$T$2:$T$265,A6))} -> 0 | E6: {=IF(A6="","",INDEX(البيانات!$F$2:$F$265,A6))} -> القطاع الاوسط | F6: {=IF(A6="","",INDEX(البيانات!$Y$2:$Y$265,A6))} -> 0558074917 | I6: {=IF(A6="","",INDEX(البيانات!$P$2:$P$265,A6))} -> 46091 | J6: {=IF(A6="","",INDEX(البيانات!$AI$2:$AI$265,A6))} -> 15/3/2026 | K6: =IF(OR(A6="",J6="",I6=""),"",IF(NETWORKDAYS.INTL(I6,J6,"0000011")-1<=2,"✅ ملتزم","❌ غير ملتزم")) -> ❌ غير ملتزم | L6: {=IF(A6="","",INDEX(البيانات!$AJ$2:$AJ$265,A6))} -> تم الحظور
A7: {=IFERROR(SMALL(IF(البيانات!$AS$2:$AS$265="مستشفى أبو عريش العام",البيانات!$AT$2:$AT$265),4),"")} -> 37 | B7: {=IF(A7="","",INDEX(البيانات!$V$2:$V$265,A7))} -> 1101718243 | C7: {=IF(A7="","",INDEX(البيانات!$U$2:$U$265,A7))} -> Hajar Mohammed Abdullah Rajhi | D7: {=IF(A7="","",INDEX(البيانات!$T$2:$T$265,A7))} -> 0 | E7: {=IF(A7="","",INDEX(البيانات!$F$2:$F$265,A7))} -> القطاع الجنوبي | F7: {=IF(A7="","",INDEX(البيانات!$Y$2:$Y$265,A7))} -> 0552912156 | I7: {=IF(A7="","",INDEX(البيانات!$P$2:$P$265,A7))} -> 46091 | J7: {=IF(A7="","",INDEX(البيانات!$AI$2:$AI$265,A7))} -> 15/3/2026 | K7: =IF(OR(A7="",J7="",I7=""),"",IF(NETWORKDAYS.INTL(I7,J7,"0000011")-1<=2,"✅ ملتزم","❌ غير ملتزم")) -> ❌ غير ملتزم | L7: {=IF(A7="","",INDEX(البيانات!$AJ$2:$AJ$265,A7))} -> تم الحظور
A8: {=IFERROR(SMALL(IF(البيانات!$AS$2:$AS$265="مستشفى أبو عريش العام",البيانات!$AT$2:$AT$265),5),"")} -> 49 | B8: {=IF(A8="","",INDEX(البيانات!$V$2:$V$265,A8))} -> 1130954496 | C8: {=IF(A8="","",INDEX(البيانات!$U$2:$U$265,A8))} -> سبأ يحيى حسن مشيخي | D8: {=IF(A8="","",INDEX(البيانات!$T$2:$T$265,A8))} -> 0 | E8: {=IF(A8="","",INDEX(البيانات!$F$2:$F$265,A8))} -> القطاع الجنوبي | F8: {=IF(A8="","",INDEX(البيانات!$Y$2:$Y$265,A8))} -> 0508135883 | I8: {=IF(A8="","",INDEX(البيانات!$P$2:$P$265,A8))} -> 46093 | J8: {=IF(A8="","",INDEX(البيانات!$AI$2:$AI$265,A8))} -> 16/3/2026 | K8: =IF(OR(A8="",J8="",I8=""),"",IF(NETWORKDAYS.INTL(I8,J8,"0000011")-1<=2,"✅ ملتزم","❌ غير ملتزم")) -> ✅ ملتزم | L8: {=IF(A8="","",INDEX(البيانات!$AJ$2:$AJ$265,A8))} -> تم الحظور
A9: {=IFERROR(SMALL(IF(البيانات!$AS$2:$AS$265="مستشفى أبو عريش العام",البيانات!$AT$2:$AT$265),6),"")} -> 50 | B9: {=IF(A9="","",INDEX(البيانات!$V$2:$V$265,A9))} -> 1065360172 | C9: {=IF(A9="","",INDEX(البيانات!$U$2:$U$265,A9))} -> ساره هادي حمزه | D9: {=IF(A9="","",INDEX(البيانات!$T$2:$T$265,A9))} -> 0 | E9: {=IF(A9="","",INDEX(البيانات!$F$2:$F$265,A9))} -> القطاع الاوسط | F9: {=IF(A9="","",INDEX(البيانات!$Y$2:$Y$265,A9))} -> 0546009465 | I9: {=IF(A9="","",INDEX(البيانات!$P$2:$P$265,A9))} -> 46095 | J9: {=IF(A9="","",INDEX(البيانات!$AI$2:$AI$265,A9))} -> 18/3/2026 | K9: =IF(OR(A9="",J9="",I9=""),"",IF(NETWORKDAYS.INTL(I9,J9,"0000011")-1<=2,"✅ ملتزم","❌ غير ملتزم")) -> ✅ ملتزم | L9: {=IF(A9="","",INDEX(البيانات!$AJ$2:$AJ$265,A9))} -> لم تحظر
A10: {=IFERROR(SMALL(IF(البيانات!$AS$2:$AS$265="مستشفى أبو عريش العام",البيانات!$AT$2:$AT$265),7),"")} -> 69 | B10: {=IF(A10="","",INDEX(البيانات!$V$2:$V$265,A10))} -> 1018887826 | C10: {=IF(A10="","",INDEX(البيانات!$U$2:$U$265,A10))} -> اسماء محمد ابراهيم كريري | D10: {=IF(A10="","",INDEX(البيانات!$T$2:$T$265,A10))} -> 0 | E10: {=IF(A10="","",INDEX(البيانات!$F$2:$F$265,A10))} -> القطاع الجنوبي | F10: {=IF(A10="","",INDEX(البيانات!$Y$2:$Y$265,A10))} -> 0566957870 | I10: {=IF(A10="","",INDEX(البيانات!$P$2:$P$265,A10))} -> 46105 | J10: {=IF(A10="","",INDEX(البيانات!$AI$2:$AI$265,A10))} -> 26/3/2026 | K10: =IF(OR(A10="",J10="",I10=""),"",IF(NETWORKDAYS.INTL(I10,J10,"0000011")-1<=2,"✅ ملتزم","❌ غير ملتزم")) -> ✅ ملتزم | L10: {=IF(A10="","",INDEX(البيانات!$AJ$2:$AJ$265,A10))} -> لم تحظر
A11: {=IFERROR(SMALL(IF(البيانات!$AS$2:$AS$265="مستشفى أبو عريش العام",البيانات!$AT$2:$AT$265),8),"")} -> 75 | B11: {=IF(A11="","",INDEX(البيانات!$V$2:$V$265,A11))} -> 9 | C11: {=IF(A11="","",INDEX(البيانات!$U$2:$U$265,A11))} -> NORAH HUSSAIN ALI SOMAILI | D11: {=IF(A11="","",INDEX(البيانات!$T$2:$T$265,A11))} -> 0 | E11: {=IF(A11="","",INDEX(البيانات!$F$2:$F$265,A11))} -> القطاع الجنوبي | F11: {=IF(A11="","",INDEX(البيانات!$Y$2:$Y$265,A11))} -> +966536075876 | I11: {=IF(A11="","",INDEX(البيانات!$P$2:$P$265,A11))} -> 46107 | J11: {=IF(A11="","",INDEX(البيانات!$AI$2:$AI$265,A11))} -> 1/4/2026 | K11: =IF(OR(A11="",J11="",I11=""),"",IF(NETWORKDAYS.INTL(I11,J11,"0000011")-1<=2,"✅ ملتزم","❌ غير ملتزم")) -> ❌ غير ملتزم | L11: {=IF(A11="","",INDEX(البيانات!$AJ$2:$AJ$265,A11))} -> تم الحضور
A12: {=IFERROR(SMALL(IF(البيانات!$AS$2:$AS$265="مستشفى أبو عريش العام",البيانات!$AT$2:$AT$265),9),"")} -> 77 | B12: {=IF(A12="","",INDEX(البيانات!$V$2:$V$265,A12))} -> 1086175096 | C12: {=IF(A12="","",INDEX(البيانات!$U$2:$U$265,A12))} -> عبير زكرى روثان | D12: {=IF(A12="","",INDEX(البيانات!$T$2:$T$265,A12))} -> 0 | E12: {=IF(A12="","",INDEX(البيانات!$F$2:$F$265,A12))} -> القطاع الاوسط | F12: {=IF(A12="","",INDEX(البيانات!$Y$2:$Y$265,A12))} -> 0553668254 | I12: {=IF(A12="","",INDEX(البيانات!$P$2:$P$265,A12))} -> 46107 | J12: {=IF(A12="","",INDEX(البيانات!$AI$2:$AI$265,A12))} -> 30/3/2026 | K12: =IF(OR(A12="",J12="",I12=""),"",IF(NETWORKDAYS.INTL(I12,J12,"0000011")-1<=2,"✅ ملتزم","❌ غير ملتزم")) -> ✅ ملتزم | L12: {=IF(A12="","",INDEX(البيانات!$AJ$2:$AJ$265,A12))} -> لم تحظر
A13: {=IFERROR(SMALL(IF(البيانات!$AS$2:$AS$265="مستشفى أبو عريش العام",البيانات!$AT$2:$AT$265),10),"")} -> 86 | B13: {=IF(A13="","",INDEX(البيانات!$V$2:$V$265,A13))} -> 1067712511 | C13: {=IF(A13="","",INDEX(البيانات!$U$2:$U$265,A13))} -> فايزة محمد علي طاهري | D13: {=IF(A13="","",INDEX(البيانات!$T$2:$T$265,A13))} -> 0 | E13: {=IF(A13="","",INDEX(البيانات!$F$2:$F$265,A13))} -> القطاع الاوسط | F13: {=IF(A13="","",INDEX(البيانات!$Y$2:$Y$265,A13))} -> 0556121109 | I13: {=IF(A13="","",INDEX(البيانات!$P$2:$P$265,A13))} -> 46110 | J13: {=IF(A13="","",INDEX(البيانات!$AI$2:$AI$265,A13))} -> 30/3/2026 | K13: =IF(OR(A13="",J13="",I13=""),"",IF(NETWORKDAYS.INTL(I13,J13,"0000011")-1<=2,"✅ ملتزم","❌ غير ملتزم")) -> ✅ ملتزم | L13: {=IF(A13="","",INDEX(البيانات!$AJ$2:$AJ$265,A13))} -> تم الحضور
A14: {=IFERROR(SMALL(IF(البيانات!$AS$2:$AS$265="مستشفى أبو عريش العام",البيانات!$AT$2:$AT$265),11),"")} -> 92 | B14: {=IF(A14="","",INDEX(البيانات!$V$2:$V$265,A14))} -> 1038178974 | C14: {=IF(A14="","",INDEX(البيانات!$U$2:$U$265,A14))} -> هدي احمد يحي سالم | D14: {=IF(A14="","",INDEX(البيانات!$T$2:$T$265,A14))} -> 0 | E14: {=IF(A14="","",INDEX(البيانات!$F$2:$F$265,A14))} -> القطاع الاوسط | F14: {=IF(A14="","",INDEX(البيانات!$Y$2:$Y$265,A14))} -> 556401454 | I14: {=IF(A14="","",INDEX(البيانات!$P$2:$P$265,A14))} -> 46111 | J14: {=IF(A14="","",INDEX(البيانات!$AI$2:$AI$265,A14))} -> 9/3/2026 | K14: =IF(OR(A14="",J14="",I14=""),"",IF(NETWORKDAYS.INTL(I14,J14,"0000011")-1<=2,"✅ ملتزم","❌ غير ملتزم")) -> ✅ ملتزم | L14: {=IF(A14="","",INDEX(البيانات!$AJ$2:$AJ$265,A14))} -> تم الحضور
A15: {=IFERROR(SMALL(IF(البيانات!$AS$2:$AS$265="مستشفى أبو عريش العام",البيانات!$AT$2:$AT$265),13),"")} -> 97 | B15: {=IF(A15="","",INDEX(البيانات!$V$2:$V$265,A15))} -> 1057242123 | C15: {=IF(A15="","",INDEX(البيانات!$U$2:$U$265,A15))} -> SAMIRAH MOHAMMED ALI JATHMI | D15: {=IF(A15="","",INDEX(البيانات!$T$2:$T$265,A15))} -> 0 | E15: {=IF(A15="","",INDEX(البيانات!$F$2:$F$265,A15))} -> القطاع الاوسط | F15: {=IF(A15="","",INDEX(البيانات!$Y$2:$Y$265,A15))} -> 0557466539 | I15: {=IF(A15="","",INDEX(البيانات!$P$2:$P$265,A15))} -> 46111 | J15: {=IF(A15="","",INDEX(البيانات!$AI$2:$AI$265,A15))} -> 1/4/2026 | K15: =IF(OR(A15="",J15="",I15=""),"",IF(NETWORKDAYS.INTL(I15,J15,"0000011")-1<=2,"✅ ملتزم","❌ غير ملتزم")) -> ✅ ملتزم | L15: {=IF(A15="","",INDEX(البيانات!$AJ$2:$AJ$265,A15))} -> تم الحضور
A16: {=IFERROR(SMALL(IF(البيانات!$AS$2:$AS$265="مستشفى أبو عريش العام",البيانات!$AT$2:$AT$265),14),"")} -> 106 | B16: {=IF(A16="","",INDEX(البيانات!$V$2:$V$265,A16))} -> 1079626162 | C16: {=IF(A16="","",INDEX(البيانات!$U$2:$U$265,A16))} -> فايزة يحى جابر المالكى | D16: {=IF(A16="","",INDEX(البيانات!$T$2:$T$265,A16))} -> 33 | E16: {=IF(A16="","",INDEX(البيانات!$F$2:$F$265,A16))} -> القطاع الأوسط Middle Sector | F16: {=IF(A16="","",INDEX(البيانات!$Y$2:$Y$265,A16))} -> 0500642013 | I16: {=IF(A16="","",INDEX(البيانات!$P$2:$P$265,A16))} -> 46113 | J16: {=IF(A16="","",INDEX(البيانات!$AI$2:$AI$265,A16))} -> 46117 | K16: =IF(OR(A16="",J16="",I16=""),"",IF(NETWORKDAYS.INTL(I16,J16,"0000011")-1<=2,"✅ ملتزم","❌ غير ملتزم")) -> ✅ ملتزم | L16: {=IF(A16="","",INDEX(البيانات!$AJ$2:$AJ$265,A16))} -> 0
A17: {=IFERROR(SMALL(IF(البيانات!$AS$2:$AS$265="مستشفى أبو عريش العام",البيانات!$AT$2:$AT$265),15),"")} -> 111 | B17: {=IF(A17="","",INDEX(البيانات!$V$2:$V$265,A17))} -> 1076123767 | C17: {=IF(A17="","",INDEX(البيانات!$U$2:$U$265,A17))} -> LAILA ALI HUSSAIN KADI | D17: {=IF(A17="","",INDEX(البيانات!$T$2:$T$265,A17))} -> 40 | E17: {=IF(A17="","",INDEX(البيانات!$F$2:$F$265,A17))} -> القطاع الغربي Western Sector | F17: {=IF(A17="","",INDEX(البيانات!$Y$2:$Y$265,A17))} -> 535319753 | I17: {=IF(A17="","",INDEX(البيانات!$P$2:$P$265,A17))} -> 46114 | K17: =IF(OR(A17="",J17="",I17=""),"",IF(NETWORKDAYS.INTL(I17,J17,"0000011")-1<=2,"✅ ملتزم","❌ غير ملتزم")) | L17: {=IF(A17="","",INDEX(البيانات!$AJ$2:$AJ$265,A17))} -> تراجع بمستشفى اخر
A18: {=IFERROR(SMALL(IF(البيانات!$AS$2:$AS$265="مستشفى أبو عريش العام",البيانات!$AT$2:$AT$265),16),"")} -> 128 | B18: {=IF(A18="","",INDEX(البيانات!$V$2:$V$265,A18))} -> 1133657294 | C18: {=IF(A18="","",INDEX(البيانات!$U$2:$U$265,A18))} -> سهام علي علي عتين | D18: {=IF(A18="","",INDEX(البيانات!$T$2:$T$265,A18))} -> 27 | E18: {=IF(A18="","",INDEX(البيانات!$F$2:$F$265,A18))} -> القطاع الجنوبي Southern Sector | F18: {=IF(A18="","",INDEX(البيانات!$Y$2:$Y$265,A18))} -> 537884423 | I18: {=IF(A18="","",INDEX(البيانات!$P$2:$P$265,A18))} -> 46118 | J18: {=IF(A18="","",INDEX(البيانات!$AI$2:$AI$265,A18))} -> 46120 | K18: =IF(OR(A18="",J18="",I18=""),"",IF(NETWORKDAYS.INTL(I18,J18,"0000011")-1<=2,"✅ ملتزم","❌ غير ملتزم")) -> ✅ ملتزم | L18: {=IF(A18="","",INDEX(البيانات!$AJ$2:$AJ$265,A18))} -> حضرت
A19: {=IFERROR(SMALL(IF(البيانات!$AS$2:$AS$265="مستشفى أبو عريش العام",البيانات!$AT$2:$AT$265),17),"")} -> 133 | B19: {=IF(A19="","",INDEX(البيانات!$V$2:$V$265,A19))} -> 1065088799 | C19: {=IF(A19="","",INDEX(البيانات!$U$2:$U$265,A19))} -> سهام احمد حسن مسملي | D19: {=IF(A19="","",INDEX(البيانات!$T$2:$T$265,A19))} -> 42 | E19: {=IF(A19="","",INDEX(البيانات!$F$2:$F$265,A19))} -> القطاع المركزي Central Sector | F19: {=IF(A19="","",INDEX(البيانات!$Y$2:$Y$265,A19))} -> 0506977477 | I19: {=IF(A19="","",INDEX(البيانات!$P$2:$P$265,A19))} -> 46119 | J19: {=IF(A19="","",INDEX(البيانات!$AI$2:$AI$265,A19))} -> 46121 | K19: =IF(OR(A19="",J19="",I19=""),"",IF(NETWORKDAYS.INTL(I19,J19,"0000011")-1<=2,"✅ ملتزم","❌ غير ملتزم")) -> ✅ ملتزم | L19: {=IF(A19="","",INDEX(البيانات!$AJ$2:$AJ$265,A19))} -> حضرت
A20: {=IFERROR(SMALL(IF(البيانات!$AS$2:$AS$265="مستشفى أبو عريش العام",البيانات!$AT$2:$AT$265),18),"")} -> 137 | B20: {=IF(A20="","",INDEX(البيانات!$V$2:$V$265,A20))} -> 1103541114 | C20: {=IF(A20="","",INDEX(البيانات!$U$2:$U$265,A20))} -> RADHYAH YAHYA MOHAMMED ALMALKI | D20: {=IF(A20="","",INDEX(البيانات!$T$2:$T$265,A20))} -> 27 | E20: {=IF(A20="","",INDEX(البيانات!$F$2:$F$265,A20))} -> القطاع المركزي Central Sector | F20: {=IF(A20="","",INDEX(البيانات!$Y$2:$Y$265,A20))} -> 0557889125 | I20: {=IF(A20="","",INDEX(البيانات!$P$2:$P$265,A20))} -> 46120 | J20: {=IF(A20="","",INDEX(البيانات!$AI$2:$AI$265,A20))} -> 46121 | K20: =IF(OR(A20="",J20="",I20=""),"",IF(NETWORKDAYS.INTL(I20,J20,"0000011")-1<=2,"✅ ملتزم","❌ غير ملتزم")) -> ✅ ملتزم | L20: {=IF(A20="","",INDEX(البيانات!$AJ$2:$AJ$265,A20))} -> حضرت
A21: {=IFERROR(SMALL(IF(البيانات!$AS$2:$AS$265="مستشفى أبو عريش العام",البيانات!$AT$2:$AT$265),19),"")} -> 140 | B21: {=IF(A21="","",INDEX(البيانات!$V$2:$V$265,A21))} -> 1104792658 | C21: {=IF(A21="","",INDEX(البيانات!$U$2:$U$265,A21))} -> Norah Mana Yahya | D21: {=IF(A21="","",INDEX(البيانات!$T$2:$T$265,A21))} -> 27 | E21: {=IF(A21="","",INDEX(البيانات!$F$2:$F$265,A21))} -> قطاع بني مالك Bani Malik Sector | F21: {=IF(A21="","",INDEX(البيانات!$Y$2:$Y$265,A21))} -> 0582481077 | I21: {=IF(A21="","",INDEX(البيانات!$P$2:$P$265,A21))} -> 46120 | J21: {=IF(A21="","",INDEX(البيانات!$AI$2:$AI$265,A21))} -> 46121 | K21: =IF(OR(A21="",J21="",I21=""),"",IF(NETWORKDAYS.INTL(I21,J21,"0000011")-1<=2,"✅ ملتزم","❌ غير ملتزم")) -> ✅ ملتزم | L21: {=IF(A21="","",INDEX(البيانات!$AJ$2:$AJ$265,A21))} -> تراجع بمستشفى اخر
A22: {=IFERROR(SMALL(IF(البيانات!$AS$2:$AS$265="مستشفى أبو عريش العام",البيانات!$AT$2:$AT$265),20),"")} -> 143 | B22: {=IF(A22="","",INDEX(البيانات!$V$2:$V$265,A22))} -> 1080390451 | C22: {=IF(A22="","",INDEX(البيانات!$U$2:$U$265,A22))} -> كاذيه سلمان سالم حريصى | D22: {=IF(A22="","",INDEX(البيانات!$T$2:$T$265,A22))} -> 33 | E22: {=IF(A22="","",INDEX(البيانات!$F$2:$F$265,A22))} -> bany malik sectorقطاع بني مالك | F22: {=IF(A22="","",INDEX(البيانات!$Y$2:$Y$265,A22))} -> 0558589456 | I22: {=IF(A22="","",INDEX(البيانات!$P$2:$P$265,A22))} -> 46121 | J22: {=IF(A22="","",INDEX(البيانات!$AI$2:$AI$265,A22))} -> 46132 | K22: =IF(OR(A22="",J22="",I22=""),"",IF(NETWORKDAYS.INTL(I22,J22,"0000011")-1<=2,"✅ ملتزم","❌ غير ملتزم")) -> ❌ غير ملتزم | L22: {=IF(A22="","",INDEX(البيانات!$AJ$2:$AJ$265,A22))} -> حضرت
A23: {=IFERROR(SMALL(IF(البيانات!$AS$2:$AS$265="مستشفى أبو عريش العام",البيانات!$AT$2:$AT$265),21),"")} -> 158 | B23: {=IF(A23="","",INDEX(البيانات!$V$2:$V$265,A23))} -> 2491982274 | C23: {=IF(A23="","",INDEX(البيانات!$U$2:$U$265,A23))} -> عايشه احمد ابراهيم الحسني | D23: {=IF(A23="","",INDEX(البيانات!$T$2:$T$265,A23))} -> 28 | E23: {=IF(A23="","",INDEX(البيانات!$F$2:$F$265,A23))} -> Southern Sector القطاع الجنوبي | F23: {=IF(A23="","",INDEX(البيانات!$Y$2:$Y$265,A23))} -> 0509209833 | I23: {=IF(A23="","",INDEX(البيانات!$P$2:$P$265,A23))} -> 46126 | J23: {=IF(A23="","",INDEX(البيانات!$AI$2:$AI$265,A23))} -> 46133 | K23: =IF(OR(A23="",J23="",I23=""),"",IF(NETWORKDAYS.INTL(I23,J23,"0000011")-1<=2,"✅ ملتزم","❌ غير ملتزم")) -> ❌ غير ملتزم | L23: {=IF(A23="","",INDEX(البيانات!$AJ$2:$AJ$265,A23))} -> حضرت
A24: {=IFERROR(SMALL(IF(البيانات!$AS$2:$AS$265="مستشفى أبو عريش العام",البيانات!$AT$2:$AT$265),22),"")} -> 204 | B24: {=IF(A24="","",INDEX(البيانات!$V$2:$V$265,A24))} -> 1098883562 | C24: {=IF(A24="","",INDEX(البيانات!$U$2:$U$265,A24))} -> ندى عبدالله ناصر يحي | D24: {=IF(A24="","",INDEX(البيانات!$T$2:$T$265,A24))} -> 39 | E24: {=IF(A24="","",INDEX(البيانات!$F$2:$F$265,A24))} -> Middle sectorالقطاع الاوسط | F24: {=IF(A24="","",INDEX(البيانات!$Y$2:$Y$265,A24))} -> 0503663772 | I24: {=IF(A24="","",INDEX(البيانات!$P$2:$P$265,A24))} -> 46135 | J24: {=IF(A24="","",INDEX(البيانات!$AI$2:$AI$265,A24))} -> 46138 | K24: =IF(OR(A24="",J24="",I24=""),"",IF(NETWORKDAYS.INTL(I24,J24,"0000011")-1<=2,"✅ ملتزم","❌ غير ملتزم")) -> ✅ ملتزم | L24: {=IF(A24="","",INDEX(البيانات!$AJ$2:$AJ$265,A24))} -> حضرت
A25: {=IFERROR(SMALL(IF(البيانات!$AS$2:$AS$265="مستشفى أبو عريش العام",البيانات!$AT$2:$AT$265),23),"")} -> 206 | B25: {=IF(A25="","",INDEX(البيانات!$V$2:$V$265,A25))} -> 1019938834 | C25: {=IF(A25="","",INDEX(البيانات!$U$2:$U$265,A25))} -> امل محسن العماري | D25: {=IF(A25="","",INDEX(البيانات!$T$2:$T$265,A25))} -> 41 | E25: {=IF(A25="","",INDEX(البيانات!$F$2:$F$265,A25))} -> Middle sectorالقطاع الاوسط | F25: {=IF(A25="","",INDEX(البيانات!$Y$2:$Y$265,A25))} -> 0535446277 | I25: {=IF(A25="","",INDEX(البيانات!$P$2:$P$265,A25))} -> 46135 | J25: {=IF(A25="","",INDEX(البيانات!$AI$2:$AI$265,A25))} -> 46140 | K25: =IF(OR(A25="",J25="",I25=""),"",IF(NETWORKDAYS.INTL(I25,J25,"0000011")-1<=2,"✅ ملتزم","❌ غير ملتزم")) -> ❌ غير ملتزم | L25: {=IF(A25="","",INDEX(البيانات!$AJ$2:$AJ$265,A25))} -> حضرت
A26: {=IFERROR(SMALL(IF(البيانات!$AS$2:$AS$265="مستشفى أبو عريش العام",البيانات!$AT$2:$AT$265),24),"")} -> 217 | B26: {=IF(A26="","",INDEX(البيانات!$V$2:$V$265,A26))} -> 1048063380 | C26: {=IF(A26="","",INDEX(البيانات!$U$2:$U$265,A26))} -> MATRAH MOHAMMED ALI MASHYAKHI | D26: {=IF(A26="","",INDEX(البيانات!$T$2:$T$265,A26))} -> 39 | E26: {=IF(A26="","",INDEX(البيانات!$F$2:$F$265,A26))} -> Middle sectorالقطاع الاوسط | F26: {=IF(A26="","",INDEX(البيانات!$Y$2:$Y$265,A26))} -> 0550229025 | I26: {=IF(A26="","",INDEX(البيانات!$P$2:$P$265,A26))} -> 46140 | J26: {=IF(A26="","",INDEX(البيانات!$AI$2:$AI$265,A26))} -> 46142 | K26: =IF(OR(A26="",J26="",I26=""),"",IF(NETWORKDAYS.INTL(I26,J26,"0000011")-1<=2,"✅ ملتزم","❌ غير ملتزم")) -> ✅ ملتزم | L26: {=IF(A26="","",INDEX(البيانات!$AJ$2:$AJ$265,A26))} -> لم تحضر
A27: {=IFERROR(SMALL(IF(البيانات!$AS$2:$AS$265="مستشفى أبو عريش العام",البيانات!$AT$2:$AT$265),25),"")} -> 219 | B27: {=IF(A27="","",INDEX(البيانات!$V$2:$V$265,A27))} -> 1070041080 | C27: {=IF(A27="","",INDEX(البيانات!$U$2:$U$265,A27))} -> FAWZIAH HADI AMRI | D27: {=IF(A27="","",INDEX(البيانات!$T$2:$T$265,A27))} -> 41 | E27: {=IF(A27="","",INDEX(البيانات!$F$2:$F$265,A27))} -> Middle sectorالقطاع الاوسط | F27: {=IF(A27="","",INDEX(البيانات!$Y$2:$Y$265,A27))} -> 0550258295 | I27: {=IF(A27="","",INDEX(البيانات!$P$2:$P$265,A27))} -> 46140 | J27: {=IF(A27="","",INDEX(البيانات!$AI$2:$AI$265,A27))} -> 46142 | K27: =IF(OR(A27="",J27="",I27=""),"",IF(NETWORKDAYS.INTL(I27,J27,"0000011")-1<=2,"✅ ملتزم","❌ غير ملتزم")) -> ✅ ملتزم | L27: {=IF(A27="","",INDEX(البيانات!$AJ$2:$AJ$265,A27))} -> حضرت
A28: {=IFERROR(SMALL(IF(البيانات!$AS$2:$AS$265="مستشفى أبو عريش العام",البيانات!$AT$2:$AT$265),26),"")} -> 222 | B28: {=IF(A28="","",INDEX(البيانات!$V$2:$V$265,A28))} -> 1058400746 | C28: {=IF(A28="","",INDEX(البيانات!$U$2:$U$265,A28))} -> jubarah hassan yhia mashi | D28: {=IF(A28="","",INDEX(البيانات!$T$2:$T$265,A28))} -> 43 | E28: {=IF(A28="","",INDEX(البيانات!$F$2:$F$265,A28))} -> Middle sectorالقطاع الاوسط | F28: {=IF(A28="","",INDEX(البيانات!$Y$2:$Y$265,A28))} -> 0505502890 | I28: {=IF(A28="","",INDEX(البيانات!$P$2:$P$265,A28))} -> 46141 | J28: {=IF(A28="","",INDEX(البيانات!$AI$2:$AI$265,A28))} -> 46145 | K28: =IF(OR(A28="",J28="",I28=""),"",IF(NETWORKDAYS.INTL(I28,J28,"0000011")-1<=2,"✅ ملتزم","❌ غير ملتزم")) -> ✅ ملتزم | L28: {=IF(A28="","",INDEX(البيانات!$AJ$2:$AJ$265,A28))} -> حضرت
A29: {=IFERROR(SMALL(IF(البيانات!$AS$2:$AS$265="مستشفى أبو عريش العام",البيانات!$AT$2:$AT$265),27),"")} -> 237 | B29: {=IF(A29="","",INDEX(البيانات!$V$2:$V$265,A29))} -> 1089023319 | C29: {=IF(A29="","",INDEX(البيانات!$U$2:$U$265,A29))} -> SALIHAH JABER QASEM GHAZWANI | D29: {=IF(A29="","",INDEX(البيانات!$T$2:$T$265,A29))} -> 34 | E29: {=IF(A29="","",INDEX(البيانات!$F$2:$F$265,A29))} -> aljabaly sectorالقطاع الجبلي | F29: {=IF(A29="","",INDEX(البيانات!$Y$2:$Y$265,A29))} -> 0501137529 | I29: {=IF(A29="","",INDEX(البيانات!$P$2:$P$265,A29))} -> 46146 | J29: {=IF(A29="","",INDEX(البيانات!$AI$2:$AI$265,A29))} -> 46148 | K29: =IF(OR(A29="",J29="",I29=""),"",IF(NETWORKDAYS.INTL(I29,J29,"0000011")-1<=2,"✅ ملتزم","❌ غير ملتزم")) -> ✅ ملتزم | L29: {=IF(A29="","",INDEX(البيانات!$AJ$2:$AJ$265,A29))} -> حضرت
A30: {=IFERROR(SMALL(IF(البيانات!$AS$2:$AS$265="مستشفى أبو عريش العام",البيانات!$AT$2:$AT$265),28),"")} -> 251 | B30: {=IF(A30="","",INDEX(البيانات!$V$2:$V$265,A30))} -> 1063001646 | C30: {=IF(A30="","",INDEX(البيانات!$U$2:$U$265,A30))} -> فوزيه عبدالله علي مقري | D30: {=IF(A30="","",INDEX(البيانات!$T$2:$T$265,A30))} -> 42 | E30: {=IF(A30="","",INDEX(البيانات!$F$2:$F$265,A30))} -> Middle sectorالقطاع الاوسط | F30: {=IF(A30="","",INDEX(البيانات!$Y$2:$Y$265,A30))} -> 0553095445 | I30: {=IF(A30="","",INDEX(البيانات!$P$2:$P$265,A30))} -> 46148 | J30: {=IF(A30="","",INDEX(البيانات!$AI$2:$AI$265,A30))} -> 46149 | K30: =IF(OR(A30="",J30="",I30=""),"",IF(NETWORKDAYS.INTL(I30,J30,"0000011")-1<=2,"✅ ملتزم","❌ غير ملتزم")) -> ✅ ملتزم | L30: {=IF(A30="","",INDEX(البيانات!$AJ$2:$AJ$265,A30))} -> 0
A31: {=IFERROR(SMALL(IF(البيانات!$AS$2:$AS$265="مستشفى أبو عريش العام",البيانات!$AT$2:$AT$265),29),"")} -> 261 | B31: {=IF(A31="","",INDEX(البيانات!$V$2:$V$265,A31))} -> 1046497705 | C31: {=IF(A31="","",INDEX(البيانات!$U$2:$U$265,A31))} -> tabah jubran salim | D31: {=IF(A31="","",INDEX(البيانات!$T$2:$T$265,A31))} -> 38 | E31: {=IF(A31="","",INDEX(البيانات!$F$2:$F$265,A31))} -> bany malik sectorقطاع بني مالك | F31: {=IF(A31="","",INDEX(البيانات!$Y$2:$Y$265,A31))} -> 0504899731 | I31: {=IF(A31="","",INDEX(البيانات!$P$2:$P$265,A31))} -> 46149 | J31: {=IF(A31="","",INDEX(البيانات!$AI$2:$AI$265,A31))} -> 0 | K31: =IF(OR(A31="",J31="",I31=""),"",IF(NETWORKDAYS.INTL(I31,J31,"0000011")-1<=2,"✅ ملتزم","❌ غير ملتزم")) -> ✅ ملتزم | L31: {=IF(A31="","",INDEX(البيانات!$AJ$2:$AJ$265,A31))} -> 0
A32: {=IFERROR(SMALL(IF(البيانات!$AS$2:$AS$265="مستشفى أبو عريش العام",البيانات!$AT$2:$AT$265),30),"")} -> 263 | B32: {=IF(A32="","",INDEX(البيانات!$V$2:$V$265,A32))} -> 1063743288 | C32: {=IF(A32="","",INDEX(البيانات!$U$2:$U$265,A32))} -> عائشه يحي معشي | D32: {=IF(A32="","",INDEX(البيانات!$T$2:$T$265,A32))} -> 36 | E32: {=IF(A32="","",INDEX(البيانات!$F$2:$F$265,A32))} -> Middle sectorالقطاع الاوسط | F32: {=IF(A32="","",INDEX(البيانات!$Y$2:$Y$265,A32))} -> 0503381521 | I32: {=IF(A32="","",INDEX(البيانات!$P$2:$P$265,A32))} -> 46149 | J32: {=IF(A32="","",INDEX(البيانات!$AI$2:$AI$265,A32))} -> 0 | K32: =IF(OR(A32="",J32="",I32=""),"",IF(NETWORKDAYS.INTL(I32,J32,"0000011")-1<=2,"✅ ملتزم","❌ غير ملتزم")) -> ✅ ملتزم | L32: {=IF(A32="","",INDEX(البيانات!$AJ$2:$AJ$265,A32))} -> 0

Sheet إحالات_صامطة
A1: 🏥 مستشفى صامطة العام - قائمة الإحالات
A2: عدد الحالات المحالة: | B2: =COUNTIF(البيانات!$AS:$AS,"*صامط*") -> 29
A3: # | B3: السجل المدني | C3: اسم المريضة | D3: العمر | E3: القطاع | F3: رقم الجوال | G3: مستوى الخطر | H3: توصية الإحالة | I3: للتحويل لـ KFCH؟ | J3: تصنيف المنسق | K3: تاريخ الزيارة | L3: تاريخ الموعد | M3: الالتزام | N3: افادة الحضور | O3: ملاحظات المنسق
A4: {=IFERROR(SMALL(IF(البيانات!$AS$2:$AS$265="مستشفى صامطة العام",البيانات!$AT$2:$AT$265),1),"")} -> 11 | B4: {=IF(A4="","",INDEX(البيانات!$V$2:$V$265,A4))} -> 1130121203 | C4: {=IF(A4="","",INDEX(البيانات!$U$2:$U$265,A4))} -> مريم احمد يحيي حمدي | D4: {=IF(A4="","",INDEX(البيانات!$T$2:$T$265,A4))} -> 26 | E4: {=IF(A4="","",INDEX(البيانات!$F$2:$F$265,A4))} -> القطاع الجنوبي | F4: {=IF(A4="","",INDEX(البيانات!$Y$2:$Y$265,A4))} -> 0536283933 | K4: {=IF(A4="","",INDEX(البيانات!$P$2:$P$265,A4))} -> 46035 | L4: 46099 | M4: =IF(OR(A4="",L4="",K4=""),"",IF(NETWORKDAYS.INTL(K4,L4,"0000011")-1<=2,"✅ ملتزم","❌ غير ملتزم")) -> ❌ غير ملتزم
A5: {=IFERROR(SMALL(IF(البيانات!$AS$2:$AS$265="مستشفى صامطة العام",البيانات!$AT$2:$AT$265),2),"")} -> 55 | B5: {=IF(A5="","",INDEX(البيانات!$V$2:$V$265,A5))} -> 2416033880 | C5: {=IF(A5="","",INDEX(البيانات!$U$2:$U$265,A5))} -> زهره علي جبران حجوري | D5: {=IF(A5="","",INDEX(البيانات!$T$2:$T$265,A5))} -> 0 | E5: {=IF(A5="","",INDEX(البيانات!$F$2:$F$265,A5))} -> القطاع الجنوبي | F5: {=IF(A5="","",INDEX(البيانات!$Y$2:$Y$265,A5))} -> 0554277655 | K5: {=IF(A5="","",INDEX(البيانات!$P$2:$P$265,A5))} -> 46096 | L5: {=IF(A5="","",INDEX(البيانات!$AI$2:$AI$265,A5))} -> 18/3/2026 | M5: =IF(OR(A5="",L5="",K5=""),"",IF(NETWORKDAYS.INTL(K5,L5,"0000011")-1<=2,"✅ ملتزم","❌ غير ملتزم")) -> ✅ ملتزم
A6: {=IFERROR(SMALL(IF(البيانات!$AS$2:$AS$265="مستشفى صامطة العام",البيانات!$AT$2:$AT$265),4),"")} -> 67 | B6: {=IF(A6="","",INDEX(البيانات!$V$2:$V$265,A6))} -> 1111661334 | C6: {=IF(A6="","",INDEX(البيانات!$U$2:$U$265,A6))} -> نهى ضعافي محمد مباركي | D6: {=IF(A6="","",INDEX(البيانات!$T$2:$T$265,A6))} -> 0 | E6: {=IF(A6="","",INDEX(البيانات!$F$2:$F$265,A6))} -> القطاع الجنوبي | F6: {=IF(A6="","",INDEX(البيانات!$Y$2:$Y$265,A6))} -> 0508455039 | K6: {=IF(A6="","",INDEX(البيانات!$P$2:$P$265,A6))} -> 46104 | L6: {=IF(A6="","",INDEX(البيانات!$AI$2:$AI$265,A6))} -> 25/3/2026 | M6: =IF(OR(A6="",L6="",K6=""),"",IF(NETWORKDAYS.INTL(K6,L6,"0000011")-1<=2,"✅ ملتزم","❌ غير ملتزم")) -> ✅ ملتزم
A7: {=IFERROR(SMALL(IF(البيانات!$AS$2:$AS$265="مستشفى صامطة العام",البيانات!$AT$2:$AT$265),5),"")} -> 72 | B7: {=IF(A7="","",INDEX(البيانات!$V$2:$V$265,A7))} -> 1100124708 | C7: {=IF(A7="","",INDEX(البيانات!$U$2:$U$265,A7))} -> MARYAM AHMED ALI ABIRI | D7: {=IF(A7="","",INDEX(البيانات!$T$2:$T$265,A7))} -> 0 | E7: {=IF(A7="","",INDEX(البيانات!$F$2:$F$265,A7))} -> القطاع الجنوبي | F7: {=IF(A7="","",INDEX(البيانات!$Y$2:$Y$265,A7))} -> 559183900 | K7: {=IF(A7="","",INDEX(البيانات!$P$2:$P$265,A7))} -> 46106 | L7: {=IF(A7="","",INDEX(البيانات!$AI$2:$AI$265,A7))} -> 29/3/2026 | M7: =IF(OR(A7="",L7="",K7=""),"",IF(NETWORKDAYS.INTL(K7,L7,"0000011")-1<=2,"✅ ملتزم","❌ غير ملتزم")) -> ✅ ملتزم
